-- --------------------------------------------------------
-- 호스트:                          db1.ccxwnfpmkcwn.ap-northeast-2.rds.amazonaws.com
-- 서버 버전:                        8.0.33 - Source distribution
-- 서버 OS:                        Linux
-- HeidiSQL 버전:                  12.5.0.6677
-- --------------------------------------------------------

/*!40101 SET @OLD_CHARACTER_SET_CLIENT=@@CHARACTER_SET_CLIENT */;
/*!40101 SET NAMES utf8 */;
/*!50503 SET NAMES utf8mb4 */;
/*!40103 SET @OLD_TIME_ZONE=@@TIME_ZONE */;
/*!40103 SET TIME_ZONE='+00:00' */;
/*!40014 SET @OLD_FOREIGN_KEY_CHECKS=@@FOREIGN_KEY_CHECKS, FOREIGN_KEY_CHECKS=0 */;
/*!40101 SET @OLD_SQL_MODE=@@SQL_MODE, SQL_MODE='NO_AUTO_VALUE_ON_ZERO' */;
/*!40111 SET @OLD_SQL_NOTES=@@SQL_NOTES, SQL_NOTES=0 */;

-- 테이블 semi.T2_AREA_TBL 구조 내보내기
CREATE TABLE IF NOT EXISTS `T2_AREA_TBL` (
  `A_NO` int NOT NULL COMMENT '지역번호',
  `A_NAME` varchar(15) CHARACTER SET utf8mb4 COLLATE utf8mb4_0900_ai_ci NOT NULL COMMENT '지역이름',
  PRIMARY KEY (`A_NO`)
) ENGINE=InnoDB DEFAULT CHARSET=utf8mb4 COLLATE=utf8mb4_0900_ai_ci COMMENT='지역테이블(서귀포시 등) - 미완';

-- 테이블 데이터 semi.T2_AREA_TBL:~1 rows (대략적) 내보내기
INSERT INTO `T2_AREA_TBL` (`A_NO`, `A_NAME`) VALUES
	(1, '서울');

-- 테이블 semi.T2_CART_TBL 구조 내보내기
CREATE TABLE IF NOT EXISTS `T2_CART_TBL` (
  `U_ID` varchar(15) CHARACTER SET utf8mb4 COLLATE utf8mb4_0900_ai_ci NOT NULL COMMENT '아이디',
  `PRODUCT_KIND` varchar(10) CHARACTER SET utf8mb4 COLLATE utf8mb4_0900_ai_ci NOT NULL COMMENT '상품카테고리분류',
  `PRODUCT_NO` int NOT NULL COMMENT '상품번호',
  `PEOPLE` int NOT NULL COMMENT '예약인원/티켓수',
  `S_RESERVE_DATE` date DEFAULT NULL COMMENT '예약시작날짜',
  `L_RESERVE_DATE` date DEFAULT NULL COMMENT '예약마지막날짜'
) ENGINE=InnoDB DEFAULT CHARSET=utf8mb4 COLLATE=utf8mb4_0900_ai_ci COMMENT='장바구니';

-- 테이블 데이터 semi.T2_CART_TBL:~20 rows (대략적) 내보내기
INSERT INTO `T2_CART_TBL` (`U_ID`, `PRODUCT_KIND`, `PRODUCT_NO`, `PEOPLE`, `S_RESERVE_DATE`, `L_RESERVE_DATE`) VALUES
	('qkqh', 'LEISURE', 1000020, 1, '2023-08-25', '2023-08-26'),
	('qkqh', 'RENT', 1000074, 1, '2023-08-26', '2023-08-27'),
	('qkqh', 'LESIURE', 1000015, 1, '2023-08-25', '2023-08-25'),
	('qkqh', 'LESIURE', 1000013, 1, '2023-08-25', '2023-08-25'),
	('qkqh', 'LEISURE', 1000015, 1, '2023-08-25', '2023-08-25'),
	('eksqjfs', 'LEISURE', 1000015, 1, '2023-08-28', '2023-08-28'),
	('admin', 'RENT', 1000075, 1, '2023-08-30', '2023-08-30'),
	('host', 'RENT', 1000084, 1, '2023-08-30', '2023-09-01'),
	('host', 'LEISURE', 1000033, 1, '2023-08-29', '2023-08-29'),
	('eksqjf', 'RENT', 1000075, 1, '2023-08-30', '2023-08-31'),
	('1', 'RENT', 1000085, 1, '2023-08-30', '2023-08-31'),
	('1', 'LEISURE', 1000024, 1, '2023-08-29', '2023-08-29'),
	('1', 'RENT', 1000085, 1, '2023-08-30', '2023-09-01'),
	('1', 'LEISURE', 1000031, 1, '2023-08-29', '2023-08-29'),
	('1', 'STAY', 74, 2, '2023-09-02', '2023-09-03'),
	('yerim', 'STAY', 164, 2, '2023-08-31', '2023-09-01'),
	('test03', 'STAY', 100, 2, '2023-09-01', '2023-09-02'),
	('test03', 'RENT', 1000090, 1, '2023-09-01', '2023-09-02'),
	('host', 'STAY', 130, 2, '2023-09-02', '2023-09-03'),
	('olsang35', 'STAY', 74, 2, '2023-08-31', '2023-09-01');

-- 테이블 semi.T2_CATEGORY_TBL 구조 내보내기
CREATE TABLE IF NOT EXISTS `T2_CATEGORY_TBL` (
  `CATEGORY_NO` int NOT NULL AUTO_INCREMENT COMMENT 'FQA 게시판 번호',
  `CATEGORY_NAME` varchar(50) CHARACTER SET utf8mb4 COLLATE utf8mb4_0900_ai_ci NOT NULL COMMENT '종류 이름',
  PRIMARY KEY (`CATEGORY_NO`) USING BTREE
) ENGINE=InnoDB AUTO_INCREMENT=8 DEFAULT CHARSET=utf8mb4 COLLATE=utf8mb4_0900_ai_ci COMMENT='질문분류';

-- 테이블 데이터 semi.T2_CATEGORY_TBL:~7 rows (대략적) 내보내기
INSERT INTO `T2_CATEGORY_TBL` (`CATEGORY_NO`, `CATEGORY_NAME`) VALUES
	(1, '숙박'),
	(2, '렌트'),
	(3, '레저'),
	(4, '패키지'),
	(5, '포인트'),
	(6, '기타문의'),
	(7, '예약내역문의');

-- 테이블 semi.T2_CODE_TYPE 구조 내보내기
CREATE TABLE IF NOT EXISTS `T2_CODE_TYPE` (
  `C_KIND` varchar(10) CHARACTER SET utf8mb4 COLLATE utf8mb4_0900_ai_ci NOT NULL,
  `C_NAME` varchar(20) CHARACTER SET utf8mb4 COLLATE utf8mb4_0900_ai_ci NOT NULL,
  `C_TYPE` varchar(10) CHARACTER SET utf8mb4 COLLATE utf8mb4_0900_ai_ci NOT NULL,
  PRIMARY KEY (`C_KIND`) USING BTREE
) ENGINE=InnoDB DEFAULT CHARSET=utf8mb4 COLLATE=utf8mb4_0900_ai_ci COMMENT='분류 코드 테이블';

-- 테이블 데이터 semi.T2_CODE_TYPE:~21 rows (대략적) 내보내기
INSERT INTO `T2_CODE_TYPE` (`C_KIND`, `C_NAME`, `C_TYPE`) VALUES
	('ATV', 'ATV', 'GROUND'),
	('CAMPING', '캠핑', 'STAY'),
	('GLIDER', '패러글라이딩', 'GROUND'),
	('GROUND', '지상', 'LEISURE'),
	('GUEST', '게스트하우스', 'STAY'),
	('HORSE', '말타기', 'GROUND'),
	('HOTEL', '호텔', 'STAY'),
	('JETSKI', '제트스키', 'WATER'),
	('LARGE', '대형차', 'RENT'),
	('LEISURE', '레저', 'PRODUCT'),
	('MIDDLE', '중형차', 'RENT'),
	('MOTEL', '모텔', 'STAY'),
	('PENSION', '펜션', 'STAY'),
	('RENT', '렌트', 'PRODUCT'),
	('SMALL', '소형차', 'RENT'),
	('SNORKE', '스노쿨링', 'WATER'),
	('STAY', '숙박', 'PRODUCT'),
	('SURFING', '서핑', 'WATER'),
	('VAN', '승합차', 'RENT'),
	('WATER', '수상', 'LEISURE'),
	('YACHT', '요트', 'WATER');

-- 테이블 semi.T2_COMMENT_TBL 구조 내보내기
CREATE TABLE IF NOT EXISTS `T2_COMMENT_TBL` (
  `C_NO` int NOT NULL AUTO_INCREMENT COMMENT '댓글번호',
  `FREE_NO` int NOT NULL COMMENT '자유게시판 PK',
  `COMM` varchar(1000) CHARACTER SET utf8mb4 COLLATE utf8mb4_0900_ai_ci NOT NULL COMMENT '댓글내용',
  `U_ID` varchar(15) CHARACTER SET utf8mb4 COLLATE utf8mb4_0900_ai_ci NOT NULL COMMENT '작성자',
  `C_WRITE_TIME` date NOT NULL DEFAULT (now()) COMMENT '작성날짜',
  `C_UPDATE_TIME` date NOT NULL DEFAULT (now()) COMMENT '수정날짜',
  `DELYN` char(1) CHARACTER SET utf8mb4 COLLATE utf8mb4_0900_ai_ci NOT NULL DEFAULT 'N' COMMENT '삭제YN',
  `NOTIFY_CNT` int NOT NULL DEFAULT '0' COMMENT '신고횟수',
  PRIMARY KEY (`C_NO`)
) ENGINE=InnoDB AUTO_INCREMENT=110 DEFAULT CHARSET=utf8mb4 COLLATE=utf8mb4_0900_ai_ci;

-- 테이블 데이터 semi.T2_COMMENT_TBL:~11 rows (대략적) 내보내기
INSERT INTO `T2_COMMENT_TBL` (`C_NO`, `FREE_NO`, `COMM`, `U_ID`, `C_WRITE_TIME`, `C_UPDATE_TIME`, `DELYN`, `NOTIFY_CNT`) VALUES
	(85, 17, '저도 없는데 주실수있나요?', 'admin', '2023-08-28', '2023-08-28', 'N', 0),
	(86, 18, '저도아직 안가봤는데 기대되네요', 'admin', '2023-08-28', '2023-08-28', 'N', 0),
	(87, 19, '오점무', 'admin', '2023-08-28', '2023-08-28', 'N', 0),
	(88, 20, '원피스 랜덤 디펜스는 어떠신가요?\n', 'admin', '2023-08-28', '2023-08-28', 'N', 0),
	(89, 21, '배드민턴 치면서 스트레스를 날려보아요!\n', 'admin', '2023-08-28', '2023-08-28', 'N', 0),
	(90, 29, '저여\n', 'admin', '2023-08-29', '2023-08-29', 'N', 0),
	(97, 29, 'ㅋㅋssg 10 : 0으로 털릴듯', 'qlalf', '2023-08-30', '2023-08-30', 'N', 0),
	(100, 43, '님아 테러자제좀요 ', 'qlalf', '2023-08-30', '2023-08-30', 'N', 0),
	(107, 29, '5등팀한테는 안질듯요 ㅋㅋㅋㅋ', 'qkqh', '2023-08-30', '2023-08-30', 'N', 0),
	(108, 33, '저도 너무 좋아요!', 'test08', '2023-08-30', '2023-08-30', 'N', 0),
	(109, 33, '그쵸? 너무 좋아요!', 'test02', '2023-08-30', '2023-08-30', 'N', 0);

-- 테이블 semi.T2_FAQ_TBL 구조 내보내기
CREATE TABLE IF NOT EXISTS `T2_FAQ_TBL` (
  `F_NO` int NOT NULL AUTO_INCREMENT COMMENT '게시글 번호',
  `F_TITLE` varchar(200) CHARACTER SET utf8mb4 COLLATE utf8mb4_0900_ai_ci NOT NULL DEFAULT '' COMMENT '제목',
  `F_CONTENT` varchar(3000) CHARACTER SET utf8mb4 COLLATE utf8mb4_0900_ai_ci NOT NULL DEFAULT '' COMMENT '내용',
  `U_ID` varchar(15) CHARACTER SET utf8mb4 COLLATE utf8mb4_0900_ai_ci NOT NULL COMMENT '작성자',
  `F_HITS` int NOT NULL DEFAULT '0' COMMENT '조회수',
  `CATEGORY_NO` int NOT NULL COMMENT '분류',
  `F_WRITE_TIME` date NOT NULL DEFAULT (now()) COMMENT '작성날짜',
  `F_UPDATE_TIME` date NOT NULL DEFAULT (now()) COMMENT '수정날짜',
  PRIMARY KEY (`F_NO`)
) ENGINE=InnoDB AUTO_INCREMENT=1153 DEFAULT CHARSET=utf8mb4 COLLATE=utf8mb4_0900_ai_ci COMMENT='자주묻는게시판';

-- 테이블 데이터 semi.T2_FAQ_TBL:~23 rows (대략적) 내보내기
INSERT INTO `T2_FAQ_TBL` (`F_NO`, `F_TITLE`, `F_CONTENT`, `U_ID`, `F_HITS`, `CATEGORY_NO`, `F_WRITE_TIME`, `F_UPDATE_TIME`) VALUES
	(1129, '[숙박]  호텔 예약을 했는데 바우처가 없어도 입실이 가능한가요?', '<p>안녕하세요.</p><p><br></p><p>조조 투어를 이용해주셔서 감사드립니다.</p><p><br></p><p><a href="https://www.jeju.com/help/faq/faq_list.html?agt=jeju&amp;typenum=7&amp;page=3#none" target="_blank" style="color: rgb(61, 61, 61);">[바우처] 호텔 예약을 했는데 바우처가 없어도 입실이 가능한가요?</a></p><p><br></p><p><span style="background-color: rgb(250, 250, 250); color: rgb(61, 61, 61);">호텔예약의 경우 별도의 바우처가 없습니다</span></p><p><span style="background-color: rgb(250, 250, 250); color: rgb(61, 61, 61);">예약 확정이 되면 예약번호나 고객님 성함으로 예약이 되어지므로 입실시 예약번호 또는 성함 말씀하시면 입실 가능합니다</span></p><p><br></p><p><br></p>', 'admin', 2, 0, '2023-08-28', '2023-08-28'),
	(1130, '[숙박]  입실 / 퇴실 방법은 어떻게 되나요?', '<p>안녕하세요.</p><p><br></p><p>조조 투어를 이용해주셔서 감사드립니다.</p><p><br></p><p><a href="https://www.jeju.com/help/faq/faq_list.html?agt=jeju&amp;typenum=7&amp;page=3#none" target="_blank" style="color: rgb(61, 61, 61);">[입실 절차] 입실 방법은 어떻게 되나요?</a></p><p><br></p><p><span style="color: rgb(61, 61, 61); background-color: rgb(250, 250, 250);">해당 숙소에 도착하시면 프런트로 가셔서 간단히 등록카드를 작성하신 후 객실 키를 받으셔서 입실하시면 됩니다</span></p><p><br></p><p><a href="https://www.jeju.com/help/faq/faq_list.html?agt=jeju&amp;typenum=7&amp;page=3#none" target="_blank" style="color: rgb(61, 61, 61);">[퇴실 절차] 퇴실 절차는 어떻게 되나요?</a></p><p><br></p><p><span style="color: rgb(61, 61, 61); background-color: rgb(250, 250, 250);"><span class="ql-cursor">﻿</span>퇴실 전에는 해당 숙소 프런트에 전화를 하셔서 퇴실하시겠다고 말씀하시면 됩니다 간단한 객실 정리를 하시고,물품을 관리하는 직원이 와서 물품 점검을 합니다 직원과 함께 객실 점검을 받으신 후 프런트로 가셔서 객실키를 반납하시면 됩니다</span></p>', 'admin', 0, 0, '2023-08-28', '2023-08-28'),
	(1131, '[숙박]  취사가 가능한가요?!', '<p>안녕하세요.</p><p><br></p><p>조조 투어를 이용해주셔서 감사드립니다.</p><p><br></p><p><a href="https://www.jeju.com/help/faq/faq_list.html?agt=jeju&amp;typenum=7&amp;page=3#none" target="_blank" style="color: rgb(61, 61, 61);">[취사가능여부] 취사가 가능한가요?!</a></p><p><br></p><p><span style="color: rgb(61, 61, 61); background-color: rgb(250, 250, 250);"><span class="ql-cursor">﻿</span>숙소마다 위치나 전망, 가격이 다르듯이 취사도 마찬가지입니다.</span></p><p><span style="background-color: rgb(250, 250, 250); color: rgb(61, 61, 61);">펜션의 경우 콘도형으로 이루어진 객실이 많기 때문에 대부분은 취사가 가능하나 작은 평수나 허니문을 위한</span></p><p><span style="background-color: rgb(250, 250, 250); color: rgb(61, 61, 61);">일부의 펜션은 취사도구가 없는 호텔형으로 되어있기도 합니다.</span></p><p><br></p><p><span style="background-color: rgb(250, 250, 250); color: rgb(61, 61, 61);">펜션에 취사도구가 없다는건 특이사항이기 때문에 예약시 상담원에게 확인 하실수 있으며, 호텔은 취사가</span></p><p><span style="background-color: rgb(250, 250, 250); color: rgb(61, 61, 61);">불가능하니, 자세한 부분은 상담원과 확인 후 진행 하시면 됩니다.</span></p>', 'admin', 0, 0, '2023-08-28', '2023-08-28'),
	(1132, '[숙박]  퇴실 시간은 연장가능한가요?', '<p>안녕하세요.</p><p><br></p><p>조조 투어를 이용해주셔서 감사드립니다.</p><p><br></p><p><a href="https://www.jeju.com/help/faq/faq_list.html?agt=jeju&amp;typenum=7&amp;page=3#none" target="_blank" style="color: rgb(61, 61, 61);">[퇴실시간 연장] 퇴실 시간은 연장가능한가요?</a></p><p><br></p><p><span style="color: rgb(61, 61, 61); background-color: rgb(250, 250, 250);">퇴실시간연장은 해당숙소의 예약상황에 따라 가능여부를 확인 하실 수 있습니다.</span></p><p><span style="background-color: rgb(250, 250, 250); color: rgb(61, 61, 61);">입실 전에 전화로 퇴실시간 연장은 이루어지지 않고 현장에서 당일 날만 확인이 가능합니다. 만약 객실이 만실 상태라면 연장이 이루어지지 않을 수 있습니다</span></p>', 'admin', 0, 0, '2023-08-28', '2023-08-28'),
	(1133, '[숙박]   카드 결제 취소를 했는데 내역은 어디서 확인을 하면 되나요?', '<p>안녕하세요.</p><p><br></p><p>조조 투어를 이용해주셔서 감사드립니다.</p><p><br></p><p><a href="https://www.jeju.com/help/faq/faq_list.html?agt=jeju&amp;typenum=7&amp;page=2#none" target="_blank" style="color: rgb(61, 61, 61);">[카드결제 취소내역확인] 카드 결제 취소를 했는데 내역은 어디서 확인을 하면 되나요?</a></p><p><br></p><p><span style="color: rgb(61, 61, 61); background-color: rgb(250, 250, 250);"><span class="ql-cursor">﻿</span>카드결제 후 취소시에는 바로 담당자가 해당카드사에 승인 취소 요청을 합니다</span></p><p><span style="background-color: rgb(250, 250, 250); color: rgb(61, 61, 61);">기간은 3 ~ 7일이 소요되며 취소내역은 해당 카드사 홈페이지에서 확인 가능합니다</span></p>', 'admin', 0, 0, '2023-08-28', '2023-08-28'),
	(1134, '[숙박]  예약취소를 했는데 결제 취소는 어떻게 되나요?', '<p>안녕하세요.</p><p><br></p><p>조조 투어를 이용해주셔서 감사드립니다.</p><p><br></p><p><a href="https://www.jeju.com/help/faq/faq_list.html?agt=jeju&amp;typenum=7&amp;page=2#none" target="_blank" style="color: rgb(61, 61, 61);">[결제취소] 예약취소를 했는데 결제 취소는 어떻게 되나요?</a></p><p><br></p><p><span style="color: rgb(61, 61, 61); background-color: rgb(250, 250, 250);"><span class="ql-cursor">﻿</span>카드로 결제 한 경우에는 승인취소가 되어지며, 통장입금 경우에는 입금자 명의로 된 계좌 번호 확인 후 환불처리 됩니다</span></p><p><span style="background-color: rgb(250, 250, 250); color: rgb(61, 61, 61);">환불 소요기간은 3~7일정도 소요 됩니다</span></p>', 'admin', 0, 0, '2023-08-28', '2023-08-28'),
	(1135, '[숙박]  취소하고 싶은데 환불규정은 어떻게 되나요?', '<p>안녕하세요.</p><p><br></p><p>조조 투어를 이용해주셔서 감사드립니다.</p><p><br></p><p><a href="https://www.jeju.com/help/faq/faq_list.html?agt=jeju&amp;typenum=7&amp;page=2#none" target="_blank" style="color: rgb(61, 61, 61);">[환불 . 취소수수료] 취소하고 싶은데 환불규정은 어떻게 되나요?</a></p><p><br></p><p><span style="color: rgb(61, 61, 61); background-color: rgb(250, 250, 250);">숙박 환불규정</span></p><p><span style="background-color: rgb(250, 250, 250); color: rgb(61, 61, 61);">※조/석식 등 "사전예약상품" 모두 객실 취소수수료와 동일한 취소수수료가 적용됩니다.</span></p><p><span style="background-color: rgb(250, 250, 250); color: rgb(61, 61, 61);">※주말(토,일) 및 공휴일은 퇴근 후 시간은 담당근무자의 부재로 예약 취소가 불가합니다 (변경 및 취소전 반드시 확인 바랍니다)</span></p><p><span style="background-color: rgb(250, 250, 250); color: rgb(61, 61, 61);">※ 기간에 따라 다른 환불규정이 적용 됩니다.</span></p><p><span style="background-color: rgb(250, 250, 250); color: rgb(61, 61, 61);">※ 상담원 퇴근 후 / 주말(토,일) / 법정공휴일 은 담당 근무자의 부재로 예약취소가 불가 합니다.</span></p><p><br></p><p><span style="background-color: rgb(250, 250, 250); color: rgb(61, 61, 61);">&lt;비수기&gt;</span></p><p><span style="background-color: rgb(250, 250, 250); color: rgb(61, 61, 61);">- 여행시작 10일~9일전 취소 시 : 숙박요금의 10% 수수료 부과</span></p><p><span style="background-color: rgb(250, 250, 250); color: rgb(61, 61, 61);">- 여행시작 8일~6일전 취소 시 : 숙박요금의 20% 수수료 부과</span></p><p><span style="background-color: rgb(250, 250, 250); color: rgb(61, 61, 61);">- 여행시작 5일~4일전 취소 시 : 숙박요금의 30% 수수료 부과</span></p><p><span style="background-color: rgb(250, 250, 250); color: rgb(61, 61, 61);">- 여행시작 3일~2일전 취소 시 : 숙박요금의 50% 수수료 부과</span></p><p><span style="background-color: rgb(250, 250, 250); color: rgb(61, 61, 61);">- 여행시작 1일전 취소 시 : 숙박요금의 80% 수수료 부과</span></p><p><span style="background-color: rgb(250, 250, 250); color: rgb(61, 61, 61);">- 당일 취소 시 : 전액환불 불가</span></p><p><br></p><p><span style="background-color: rgb(250, 250, 250); color: rgb(61, 61, 61);">* 연휴기간은 상품에 따라 취소 수수료가 별도 적용될 수 있습니다.</span></p><p><br></p><p><span style="background-color: rgb(250, 250, 250); color: rgb(61, 61, 61);">&lt;여름성수기 환불규정 | 기간: 7월18일 ~ 8월25일&gt;</span></p><p><br></p><p><span style="background-color: rgb(250, 250, 250); color: rgb(61, 61, 61);">- 여행시작 20일~16일전 취소 시 : 숙박요금의 20% 수수료 부과</span></p><p><span style="background-color: rgb(250, 250, 250); color: rgb(61, 61, 61);">- 여행시작 15일~11일전 취소 시 : 숙박요금의 30% 수수료 부과</span></p><p><span style="background-color: rgb(250, 250, 250); color: rgb(61, 61, 61);">- 여행시작 10일~7일전 취소시 : 숙박요금의 50% 수수료 부과</span></p><p><span style="background-color: rgb(250, 250, 250); color: rgb(61, 61, 61);">- 여행시작 6일~5일전 취소 시 : 숙박요금의 70% 수수료 부과</span></p><p><span style="background-color: rgb(250, 250, 250); color: rgb(61, 61, 61);">- 여행시작 4일~3일전 취소 시: 숙박요금의 80% 수수료 부과</span></p><p><span style="background-color: rgb(250, 250, 250); color: rgb(61, 61, 61);">- 여행당일 2일전~당일 취소시 : 전액환불 불가</span></p>', 'admin', 0, 0, '2023-08-28', '2023-08-28'),
	(1136, '[숙박]  도착시간이 늦어질것 같은데, 어떻게 하면 될까요?', '<p>안녕하세요.</p><p><br></p><p>조조 투어를 이용해주셔서 감사드립니다.</p><p><br></p><p><a href="https://www.jeju.com/help/faq/faq_list.html?agt=jeju&amp;typenum=7&amp;page=2#none" target="_blank" style="color: rgb(61, 61, 61);">[늦은시간 체크인] 도착시간이 늦어질것 같은데, 어떻게 하면 될까요?</a></p><p><br></p><p><span style="color: rgb(61, 61, 61); background-color: rgb(250, 250, 250);"><span class="ql-cursor">﻿</span>입실 시간은 각 업체마다 차이가 있지만, 보통 14:00~15:00사이에입실이 가능하며, 22:00 이후 도착시에는 해당 숙소로 미리 통보를 해 주셔야 입실이 가능합니다.</span></p>', 'admin', 0, 0, '2023-08-28', '2023-08-28'),
	(1137, '[숙박]  결제전인데 예약변경은 어떻게 하나요?', '<p>안녕하세요.</p><p><br></p><p>조조 투어를 이용해주셔서 감사드립니다.</p><p><br></p><p><a href="https://www.jeju.com/help/faq/faq_list.html?agt=jeju&amp;typenum=7&amp;page=2#none" target="_blank" style="color: rgb(61, 61, 61);">[결제전 에약변경] 결제전인데 예약변경은 어떻게 하나요?</a></p><p><br></p><p><span style="color: rgb(61, 61, 61); background-color: rgb(250, 250, 250);"><span class="ql-cursor">﻿</span>모든 예약건에 대한 변경요청시에는 상담원과 통화 후 가능합니다</span></p><p><span style="background-color: rgb(250, 250, 250); color: rgb(61, 61, 61);">이메일,게시판,온라인상에서는 변경이 되지 않습니다 . 번거롭더라도 상담원과 통화 후 변경 요청드립니다</span></p>', 'admin', 1, 0, '2023-08-28', '2023-08-28'),
	(1138, '[숙박]  주중,주말 구분은 어떻게 되나요?', '<p>안녕하세요.</p><p><br></p><p>조조 투어를 이용해주셔서 감사드립니다.</p><p><br></p><p><a href="https://www.jeju.com/help/faq/faq_list.html?agt=jeju&amp;typenum=7&amp;page=1#none" target="_blank" style="color: rgb(61, 61, 61);">[주중,주말 기준] 주중,주말 구분은 어떻게 되나요?</a></p><p><br></p><p><span style="color: rgb(61, 61, 61); background-color: rgb(250, 250, 250);"><span class="ql-cursor">﻿</span>보통 숙소의 주중이라고 하면 월요일부터 목요일까지를 말하며 주말은 금요일에서 일요일까지를 말합니다.</span></p><p><span style="background-color: rgb(250, 250, 250); color: rgb(61, 61, 61);">숙소 요금 또한 주중과 주말은 차이가 납니다.</span></p><p><span style="background-color: rgb(250, 250, 250); color: rgb(61, 61, 61);">허나 숙소가 여러곳인 만큼 모두 똑같이 주중,주말을 적용하지는 않습니다.</span></p><p><span style="background-color: rgb(250, 250, 250); color: rgb(61, 61, 61);">숙소에 따라 주중,주말 구분없는 곳도 있고 주중/주말 요일 적용이 다른 곳도 있습니다.</span></p><p><span style="background-color: rgb(250, 250, 250); color: rgb(61, 61, 61);">또한, 비수기, 성수기,연휴 등에 따라서도 금액은 달리 적용 되오니 정확한 금액은 상담원에게 문의하시는게</span></p><p><span style="background-color: rgb(250, 250, 250); color: rgb(61, 61, 61);">가장 좋을 듯 합니다.</span></p>', 'admin', 0, 0, '2023-08-28', '2023-08-28'),
	(1139, '[숙박]  결제후 일정을 변경하고 싶은데 어떻게 하면 되나요?', '<p>안녕하세요.</p><p><br></p><p>조조 투어를 이용해주셔서 감사드립니다.</p><p><br></p><p><br></p><p><a href="https://www.jeju.com/help/faq/faq_list.html?agt=jeju&amp;typenum=7&amp;page=1#none" target="_blank" style="color: rgb(61, 61, 61);">[결제후 예약변경] 결제후 일정을 변경하고 싶은데 어떻게 하면 되나요?</a></p><p><br></p><p><span style="color: rgb(61, 61, 61); background-color: rgb(250, 250, 250);"><span class="ql-cursor">﻿</span>카드 결제 후 예약 변경의 경우에는 카드 부분 취소나 승인이 이루어 지지 않으므로 기존 결제 건에 대해 카드 승인 전체 취소가 이루어지며 변경건에 대한 재 결제을 해 주셔야 합니다</span></p><p><span style="background-color: rgb(250, 250, 250); color: rgb(61, 61, 61);">무통장 입금의 경우에는 예약변경으로 인한 차액분은 환불 또는 추가입금이 가능합니다</span></p>', 'admin', 0, 0, '2023-08-28', '2023-08-28'),
	(1140, '[렌트]  차량인수는 어디서, 어떻게 받나요?', '<p>안녕하세요.</p><p><br></p><p>조조 투어를 이용해주셔서 감사드립니다.</p><p><br></p><p><a href="https://www.jeju.com/help/faq/faq_list.html?agt=jeju&amp;typenum=6#none" target="_blank" style="color: rgb(61, 61, 61);">[렌터카 / 차량인수방법및장소] 차량인수는 어디서, 어떻게 받나요?</a></p><p><br></p><p><span style="color: rgb(61, 61, 61); background-color: rgb(250, 250, 250);"><span class="ql-cursor">﻿</span>차량인수는 제주공항 1층 5번게이트 맞은편 렌트카하우스 주차구역 에서 예약하신 렌트카 업체의 셔틀버스 로 이동 후 렌트카 사무실에서 차량인수 받으시면 됩니다</span></p><p><br></p><p><span style="background-color: rgb(250, 250, 250); color: rgb(61, 61, 61);">또한 렌트카 업체마다 셔틀버스 탑승구역이 상이하오니 예약완료시 발송되는 알림톡 또는 문자내용을 반드시 숙지하여 주시기 바랍니다</span></p><p><br></p><p><span style="background-color: rgb(250, 250, 250); color: rgb(61, 61, 61);">※ 실운전자 운전면허증 필지참</span></p><p><br></p><p><span style="background-color: rgb(250, 250, 250); color: rgb(61, 61, 61);">※ 2016년 9월1일부터, 기존 제주공항 내 렌터카하우스(렌터카 주차장)가 폐쇄됨에 따라 렌터카 배정 협력사별 셔틀버스 탑승 후, 본사(차고지)로 이동하시어 차량 인수가 가능합니다.</span></p>', 'admin', 0, 0, '2023-08-28', '2023-08-28'),
	(1141, '[렌트]  면허증 분실시 어떻게 해야 하나요?', '<p>안녕하세요.</p><p><br></p><p>조조 투어를 이용해주셔서 감사드립니다.</p><p><br></p><p><a href="https://www.jeju.com/help/faq/faq_list.html?agt=jeju&amp;typenum=6#none" target="_blank" style="color: rgb(61, 61, 61);">[렌터카 / 면허증분실] 면허증 분실시 어떻게 해야 하나요?</a></p><p><br></p><p><span style="color: rgb(61, 61, 61); background-color: rgb(250, 250, 250);"><span class="ql-cursor">﻿</span>렌트카 인수및 이용시 운전면허증은 필수로 소지하고 계셔야 합니다</span></p><p><span style="background-color: rgb(250, 250, 250); color: rgb(61, 61, 61);">부득이하게 운전면허증을 분실했을 경우 가까운 경찰서에서 이용용도 확인후 경력증명서 또는 임시면허증을 발급받고 신분증과 함께 준비해 오시면 됩니다.</span></p><p><br></p><p><span style="background-color: rgb(250, 250, 250); color: rgb(61, 61, 61);">운전경력증명서는 온라인으로 \'민원24\' 사이트에서도 발급이 가능합니다.</span></p>', 'admin', 1, 0, '2023-08-28', '2023-08-28'),
	(1142, '[렌트]  아침 일찍 오전 6시경에 차량을 인수할 수 있나요??', '<p>안녕하세요.</p><p><br></p><p>조조 투어를 이용해주셔서 감사드립니다.</p><p><br></p><p><a href="https://www.jeju.com/help/faq/faq_list.html?agt=jeju&amp;typenum=6#none" target="_blank" style="color: rgb(61, 61, 61);">[렌터카 / 차량인수시간] 아침 일찍 오전 6시경에 차량을 인수할 수 있나요??</a></p><p><br></p><p><span style="color: rgb(61, 61, 61); background-color: rgb(250, 250, 250);"><span class="ql-cursor">﻿</span>공항에서 렌터카 인수, 반납은 첫 비행기 도착시간부터 마지막비행기 출발시간이</span></p><p><span style="background-color: rgb(250, 250, 250); color: rgb(61, 61, 61);">기준이되며 일반적으로 8:00~21:00까지 운영되고 있습니다.</span></p><p><span style="background-color: rgb(250, 250, 250); color: rgb(61, 61, 61);">하지만, 현지 사정에 의해 변경될 수도 있으니 예약시 꼭 확인바랍니다.</span></p>', 'admin', 1, 0, '2023-08-28', '2023-08-28'),
	(1143, '[렌트]  대여조건에 만21세이상,운전경력은 승용차 1년이상, 승합차는 2년이상이라고 되어있는데 운전경력이나 나이가 기준에 조금 못 미치는데 이용이 안될까요?', '<p>안녕하세요.</p><p><br></p><p>조조 투어를 이용해주셔서 감사드립니다.</p><p><br></p><p><a href="https://www.jeju.com/help/faq/faq_list.html?agt=jeju&amp;typenum=6#none" target="_blank" style="color: rgb(61, 61, 61);">[렌터카/연령기준] 대여조건에 만21세이상,운전경력은 승용차 1년이상, 승합차는 2년이상이라고 되어있는데 운전경력이나 나이가 기준에 조금 못 미치는데 이용이 안될까요?</a></p><p><br></p><p><span style="color: rgb(61, 61, 61); background-color: rgb(250, 250, 250);"><span class="ql-cursor">﻿</span>렌트카에 가입되어있는 자동차보험(대인,대물,자손)의 연령제한 , 운전미숙으로 인한 사고방지를 위해 렌트카 대여조건에 맞지 않을경우 이용이 불가합니다</span></p>', 'admin', 3, 0, '2023-08-28', '2023-08-28'),
	(1144, '[렌트]  차량 렌트를 하려면 어떤 조건이 있어야 하나요?', '<p>안녕하세요.</p><p><br></p><p>조조 투어를 이용해주셔서 감사드립니다.</p><p><br></p><p><a href="https://www.jeju.com/help/faq/faq_list.html?agt=jeju&amp;typenum=6#none" target="_blank" style="color: rgb(61, 61, 61);">[렌터카 / 이용조건] 차량 렌트를 하려면 어떤 조건이 있어야 하나요?</a></p><p><br></p><p><span style="background-color: rgb(250, 250, 250); color: rgb(61, 61, 61);">렌트카의 대여조건은 다음과 같습니다</span></p><p><br></p><p><span style="background-color: rgb(250, 250, 250); color: rgb(61, 61, 61);">승용차량: 나이 만21세 이상, 면허취득일 1년이상</span></p><p><span style="background-color: rgb(250, 250, 250); color: rgb(61, 61, 61);">승합차량: 나이 만26세 이상, 면허취득일 2년이상</span></p><p><span style="background-color: rgb(250, 250, 250); color: rgb(61, 61, 61);">특수차량: 나이 만30세 이상, 면허취득일 3년이상</span></p><p><span style="background-color: rgb(250, 250, 250); color: rgb(61, 61, 61);">- 9인승 이하 차종 이용시 2종보통면허</span></p><p><span style="background-color: rgb(250, 250, 250); color: rgb(61, 61, 61);">- 11인승 이상의 승합차종 이용시 1종 보통면허</span></p><p><span style="background-color: rgb(250, 250, 250); color: rgb(61, 61, 61);">- 특수차량(쏠라티) 이용시 대형면허</span></p><p><span style="background-color: rgb(250, 250, 250); color: rgb(61, 61, 61);">(※ 렌트카 업체마다 대여조건이 다를수 있으니 예약시 확인 후 이용바랍니다) 외국인인 경우 국제운전면허증과 여권이 반드시 필요합니다</span></p>', 'admin', 2, 0, '2023-08-28', '2023-08-28'),
	(1145, '[렌트]  불포함내역에 자차보험이 있는데 자차보험이 무엇이고, 요금이 얼마인가요?', '<p>안녕하세요.</p><p><br></p><p>조조 투어를 이용해주셔서 감사드립니다.</p><p><br></p><p><a href="https://www.jeju.com/help/faq/faq_list.html?agt=jeju&amp;typenum=6#none" target="_blank" style="color: rgb(61, 61, 61);">[렌터카 / 보험] 불포함내역에 자차보험이 있는데 자차보험이 무엇이고, 요금이 얼마인가요?</a></p><p><br></p><p><span style="color: rgb(61, 61, 61); background-color: rgb(250, 250, 250);"><span class="ql-cursor">﻿</span>자차보험이란 자기차량손해담보를 줄여서 말하는것으로 사고가 날 경우 렌트카 수리비용에 대하여 보험처리가 가능합니다. (자차보험 미가입후 사고시 렌트카 수리비용전액 및 휴차보상료 청구)</span></p><p><br></p><p><span style="background-color: rgb(250, 250, 250); color: rgb(61, 61, 61);">자차보험은 \'일반자차\'와 \'완전자차\'로 선택이 가능합니다</span></p><p><span style="background-color: rgb(250, 250, 250); color: rgb(61, 61, 61);">-일반자차: 렌트카 사고시 \'자기부담금(면책금)과 휴차보상료\'를 제외한 일부보험처리 (보험 보상한도 내)</span></p><p><span style="background-color: rgb(250, 250, 250); color: rgb(61, 61, 61);">※자기부담금(면책금)과 휴차보상료는 이용자에게 별도 청구</span></p><p><span style="background-color: rgb(250, 250, 250); color: rgb(61, 61, 61);">-완전자차: 렌트카 사고시 렌트카수리비 전액 보험처리 (보험 보상한도 내)</span></p><p><br></p><p><span style="background-color: rgb(250, 250, 250); color: rgb(61, 61, 61);">※자차보험 가입조건은 렌트카 업체마다 다를 수 있으며 보상한도 또한 업체마다 다를수 있습니다.</span></p>', 'admin', 6, 0, '2023-08-28', '2023-08-28'),
	(1146, '[기타문의]  여행가방은 어떻게 꾸려야 할까요?', '<p>안녕하세요.</p><p><br></p><p>조조 투어를 이용해주셔서 감사드립니다.</p><p><br></p><p>[기타문의] <span style="color: rgb(85, 85, 85);">여행가방은 어떻게 꾸려야 할까요?</span></p><p><br></p><p><span style="color: rgb(102, 102, 102); background-color: rgb(251, 251, 251);"><span class="ql-cursor">﻿</span>가방은 간편할수록 좋습니다.(보통 큰 가방, 작은 가방, 복대)</span></p><p><br></p><p><span style="background-color: rgb(251, 251, 251); color: rgb(102, 102, 102);">큰 가방에는 의류(여행국의 날씨를 참고하여 준비하시고, 더운 나라라도 밤낮의 기온차, 차안, 식당 등은 에어컨 시설 때문에 추위를 느낄 수 있으므로 긴 팔 하나 정도 준비하시면 좋습니다) 수영복(여행국가에 따라서)/신발(가장 편한 신발, 샌들), 우산/세면도구(치약, 칫솔이 없는 호텔이 있습니다)</span></p><p><br></p><p><span style="background-color: rgb(251, 251, 251); color: rgb(102, 102, 102);">구급약(외국의 경우 의사의 처방전 없이 약을 살수 없으므로 지사제/해열제, 물파스, 감기약, 소화제, 항생연고 정도 준비하면 좋습니다)</span></p><p><br></p><p><span style="background-color: rgb(251, 251, 251); color: rgb(102, 102, 102);">작은 가방에는 여행 중에 꼭 필요한 물품을 넣어 들고 다닐 정도면 좋겠습니다.</span></p><p><br></p><p><span style="background-color: rgb(251, 251, 251); color: rgb(102, 102, 102);">여행정보(안내서, 여행 일정표, 읽을거리 등)/선크림, 선그라스, 모자, 카메라, 필름 등 / 여권사본, 사진 2매(여권 분실에 대비 여권과 따로 보관)</span></p><p><br></p><p><span style="background-color: rgb(251, 251, 251); color: rgb(102, 102, 102);">복대에는 여권, 항공권, 현금 등</span></p><p><br></p><p><span style="background-color: rgb(251, 251, 251); color: rgb(102, 102, 102);">항공사마다 개인별 수하물을 제한하고 있는 데, 보통 1인당 25㎏～30㎏ 정도로, 초과분에 대해서는 추가요금을 부담해야 합니다.</span></p><p><span style="background-color: rgb(251, 251, 251); color: rgb(102, 102, 102);">기내에 들고 탈수 있는 가방은 가로세로 높이의 합이 158㎝(62인치) 입니다.</span></p>', 'admin', 3, 0, '2023-08-28', '2023-08-28'),
	(1147, '[기타문의]  여행시 주의해야 할 점은 어떤 것이 있나요 ?', '<p>안녕하세요.</p><p><br></p><p>조조 투어를 이용해주셔서 감사드립니다.</p><p><br></p><p>[기타문의] <span style="color: rgb(85, 85, 85);">여행시 주의해야 할 점은 어떤 것이 있나요 ?</span></p><p><br></p><p><span style="background-color: rgb(251, 251, 251); color: rgb(102, 102, 102);">- 비상사태를 위해 현지 공관의 연락처 및 비상연락처를 알아둡니다.</span></p><p><br></p><p><span style="background-color: rgb(251, 251, 251); color: rgb(102, 102, 102);">- 고가의 장신구(시계, 목걸이, 반지 등) 착용을 삼가는 게 좋습니다.</span></p><p><br></p><p><span style="background-color: rgb(251, 251, 251); color: rgb(102, 102, 102);">- 여행국에 대한 여행정보 및 유의사항을 사전에 알아둡니다.</span></p><p><br></p><p><span style="background-color: rgb(251, 251, 251); color: rgb(102, 102, 102);">- 입국심사를 받을 때 성실, 정직하게 답변해야 합니다.(입국사증면제거나 입국사증(비자)을 받았더라도 입국이 거절당할 수 있습니다)</span></p><p><br></p><p><span style="background-color: rgb(251, 251, 251); color: rgb(102, 102, 102);">- 여권과 현금 그리고 귀중품은 호텔의 금고 등에 보관하는 게 안전합니다.</span></p><p><span style="background-color: rgb(251, 251, 251); color: rgb(102, 102, 102);">- 전세계 어느 관광지든지 여행객의 여권이나 금품을 노리는 강도,소매치기가 있으니 주의하시기 바랍니다.</span></p><p><br></p><p><span style="background-color: rgb(251, 251, 251); color: rgb(102, 102, 102);">- 혼자서 외출을 삼가고 낯선 사람의 과도한 친절과 호의를 경계합니다.</span></p><p><br></p><p><span style="background-color: rgb(251, 251, 251); color: rgb(102, 102, 102);">- 외출시에는 호텔 명함을 지참하거나 현지 가이드나 여행사의 연락처를 알아둡니다.</span></p>', 'admin', 2, 0, '2023-08-28', '2023-08-28'),
	(1148, '[기타문의]  여행시 여권을 잃어버리면 어떻게 해야하나요 ?', '<p>안녕하세요.</p><p><br></p><p>조조 투어를 이용해주셔서 감사드립니다.</p><p><br></p><p>[기타문의] <span style="color: rgb(85, 85, 85);">여행시 여권을 잃어버리면 어떻게 해야하나요 ?</span></p><p><br></p><p><span style="color: rgb(102, 102, 102); background-color: rgb(251, 251, 251);"><span class="ql-cursor">﻿</span>- 현지 경찰서에 신고하고 분실증명확인서(POLICE REPORT)를 받습니다.</span></p><p><br></p><p><span style="background-color: rgb(251, 251, 251); color: rgb(102, 102, 102);">- 재외공관에 본인이 직접 분실신고를 하고, 임시여권이나 여행증명서를 발급 받습니다.</span></p><p><br></p><p><span style="background-color: rgb(251, 251, 251); color: rgb(102, 102, 102);">- 일정이 여러 국가를 여행한다면 여권을 재발급 받아야 하지만, 다음 일정이 없고 귀국해야 한다면 발급 기일이 짧은 여행증명서를 발급 받고 귀국해서 여권 재발급을 신청하는 것이 좋습니다.</span></p><p><br></p><p><span style="background-color: rgb(251, 251, 251); color: rgb(102, 102, 102);">(재외공관에서 재발급 소요시간 : 여권 1주～2주, 여행증명서 3～4일)</span></p><p><br></p><p><span style="background-color: rgb(251, 251, 251); color: rgb(102, 102, 102);">- 여행시 여권을 재발급 받을 때 분실여권의 사본과 여권용사진 2장 있으면 발급기일이 단축될 수있습니다.</span></p><p><br></p><p><span style="background-color: rgb(251, 251, 251); color: rgb(102, 102, 102);">- 5년 내에 3회 이상 여권을 분실할 경우 법에 따라 조사를 받게됩니다.</span></p><p><br></p>', 'admin', 2, 0, '2023-08-28', '2023-08-28'),
	(1149, '[기타문의]  도둑 맞았을 때는 어떻게 대처 해야하나요?', '<p>안녕하세요.</p><p><br></p><p>조조 투어를 이용해주셔서 감사드립니다.</p><p><br></p><p>[기타문의] <span style="color: rgb(85, 85, 85);">도둑 맞았을 때는 어떻게 대처 해야하나요?</span></p><p><br></p><p><span style="color: rgb(102, 102, 102); background-color: rgb(251, 251, 251);"><span class="ql-cursor">﻿</span>1)절도를 당한 즉시 가장 가까운 경찰서로 가서 반드시 POLICE REPORT를 받습니다. 이때 신고는 본인이 직접 작성해야 하며 절도를 당한 여행객 인원수대로 별도작성해야 손해를 줄일 가능성이 더 있습니다.</span></p><p><span style="background-color: rgb(251, 251, 251); color: rgb(102, 102, 102);">2)본국으로 귀국후 POLICE REPORT를 가지고 보험회사에 신고합니다.</span></p><p><span style="background-color: rgb(251, 251, 251); color: rgb(102, 102, 102);">보험사 제출시 필요서류 : POLICE REPORT, 손상품 수리견적서(영수증 포함),여권사본, 통장사본 (본인의 통장이 아닐 경우 관계를 나타낼 수 있는 서류)</span></p><p><br></p><p><span style="background-color: rgb(251, 251, 251); color: rgb(102, 102, 102);">보험처리가 안되는 것들 : 현금, 수표, 항공권 등등의 유가증권</span></p><p><br></p>', 'admin', 5, 0, '2023-08-28', '2023-08-28'),
	(1150, '[기타문의]  자유여행을 가려하는데요. 조언 좀 해주세요.', '<p>안녕하세요.</p><p><br></p><p>조조 투어를 이용해주셔서 감사드립니다.</p><p><br></p><p>[기타문의] <span style="color: rgb(85, 85, 85);">자유여행을 가려하는데요. 조언 좀 해주세요.</span></p><p><br></p><p><span style="background-color: rgb(251, 251, 251); color: rgb(102, 102, 102);">여행을 떠나기전에 해당국의 지도를 펴놓고 관광지와 여행기간과 경비를 고려해서 대략적인 코스를 정해보세요.</span></p><p><span style="background-color: rgb(251, 251, 251); color: rgb(102, 102, 102);">항공권은 항공사로 직접하시는 것보다 여행사에서 판매하는 할인항공권이나 그룹항공권을 알아보시면 보다 저렴하게 가시는 방법이 있습니다.</span></p><p><br></p><p><span style="background-color: rgb(251, 251, 251); color: rgb(102, 102, 102);">현지에서의 생활은 나라마다 조금씩 차이는 있지만 저렴하게 하시려면 슈퍼나 패스트 푸드점을 이용하시고, 꼭 호텔이 아니더라도 민박, 유스호스텔등 을 이용하시면 됩니다.</span></p><p><span style="background-color: rgb(251, 251, 251); color: rgb(102, 102, 102);">자세한 사항은 일단 시중에 많이 나와있는 책자나 인터넷을 통한 경험담을 통해 자료를 구하시고,</span></p><p><span style="background-color: rgb(251, 251, 251); color: rgb(102, 102, 102);">물론 여행코스는 현지에 가서 생활하다보면 바뀌게 되는 경우가 많습니다.</span></p><p><br></p><p><br></p><p><span style="background-color: rgb(251, 251, 251); color: rgb(102, 102, 102);">숙박은 현지에서 구하는 것이 더 저렴할 수 도 있고, 호텔을 이용하는 경우는 저렴한 할인 호텔가격으로 판매하는 여행사를 통하는것이 더 좋은 방법일 수 도 있습니다.</span></p>', 'admin', 20, 0, '2023-08-28', '2023-08-28'),
	(1151, '[패키지]  패키지여행이란 무엇인가요?', '<p>안녕하세요.</p><p><br></p><p>조조 투어를 이용해주셔서 감사드립니다.</p><p><br></p><p>[패키지] <span style="color: rgb(85, 85, 85);">패키지여행이란 무엇인가요?</span></p><p><br></p><p><span style="background-color: rgb(251, 251, 251); color: rgb(102, 102, 102);">여행사에서 미리 세팅해 놓은 항공권, 관광일정, 숙박, 식사, 교통 등을 이용하여 여행하 는 것을 패키지 여행이라고 합니다.</span></p><p><span style="background-color: rgb(251, 251, 251); color: rgb(102, 102, 102);">보통 10명~15명이 한 팀이 되어 단체로 관광을 하기 때문에 개인적으로 가시는 여행보다 저렴하게 여행하실 수 있습니다!</span></p>', 'admin', 85, 0, '2023-08-28', '2023-08-30');

-- 테이블 semi.T2_FREE_FILE_TBL 구조 내보내기
CREATE TABLE IF NOT EXISTS `T2_FREE_FILE_TBL` (
  `FILE_NO` int NOT NULL AUTO_INCREMENT COMMENT '이미지 PK',
  `FREE_NO` int NOT NULL COMMENT '외래키',
  `FILE_NAME` varchar(100) CHARACTER SET utf8mb4 COLLATE utf8mb4_0900_ai_ci NOT NULL COMMENT '이미지명',
  `FILE_SAVE_NAME` varchar(100) CHARACTER SET utf8mb4 COLLATE utf8mb4_0900_ai_ci NOT NULL COMMENT '저장된이미지명',
  `FILE_PATH` varchar(300) CHARACTER SET utf8mb4 COLLATE utf8mb4_0900_ai_ci NOT NULL COMMENT '이미지경로',
  `FILE_DATE` date NOT NULL DEFAULT (now()),
  `MAIN_YN` char(1) NOT NULL DEFAULT 'N' COMMENT '메인(썸네일)여부',
  `FILE_DELYN` char(1) CHARACTER SET utf8mb4 COLLATE utf8mb4_0900_ai_ci NOT NULL DEFAULT 'N' COMMENT '삭제YN',
  PRIMARY KEY (`FILE_NO`) USING BTREE
) ENGINE=InnoDB DEFAULT CHARSET=utf8mb4 COLLATE=utf8mb4_0900_ai_ci COMMENT='자유게시판파일';

-- 테이블 데이터 semi.T2_FREE_FILE_TBL:~0 rows (대략적) 내보내기

-- 테이블 semi.T2_FREE_TBL 구조 내보내기
CREATE TABLE IF NOT EXISTS `T2_FREE_TBL` (
  `FREE_NO` int NOT NULL AUTO_INCREMENT COMMENT '자유게시판 PK',
  `FREE_TITLE` varchar(50) NOT NULL COMMENT '제목',
  `FREE_CONTENT` varchar(3000) CHARACTER SET utf8mb4 COLLATE utf8mb4_0900_ai_ci NOT NULL DEFAULT '' COMMENT '내용',
  `U_ID` varchar(15) CHARACTER SET utf8mb4 COLLATE utf8mb4_0900_ai_ci NOT NULL COMMENT '작성자',
  `F_HITS` int NOT NULL DEFAULT '0' COMMENT '조회수',
  `F_WRITE_TIME` date NOT NULL COMMENT '작성날짜',
  `F_UPDATE_TIME` date NOT NULL COMMENT '수정날짜',
  `RECOMMEND` int NOT NULL DEFAULT '0' COMMENT '추천수',
  `DELYN` char(1) NOT NULL DEFAULT 'N' COMMENT '삭제YN',
  `NOTIFY_CNT` int NOT NULL DEFAULT '0' COMMENT '신고횟수',
  PRIMARY KEY (`FREE_NO`)
) ENGINE=InnoDB AUTO_INCREMENT=48 DEFAULT CHARSET=utf8mb4 COLLATE=utf8mb4_0900_ai_ci COMMENT='자유게시판';

-- 테이블 데이터 semi.T2_FREE_TBL:~15 rows (대략적) 내보내기
INSERT INTO `T2_FREE_TBL` (`FREE_NO`, `FREE_TITLE`, `FREE_CONTENT`, `U_ID`, `F_HITS`, `F_WRITE_TIME`, `F_UPDATE_TIME`, `RECOMMEND`, `DELYN`, `NOTIFY_CNT`) VALUES
	(17, '조조투어 쿠폰 나눔합니다.', '<p>댓글 주시면 연락드릴께요.</p>', 'eksqjf', 7, '2023-08-28', '2023-08-28', 0, 'N', 0),
	(18, '기분좋네요 ㅎ', '<p>지난주에 조조투어에서 예약해서 제주도 갔다왔는데 너무 행복했습니다. 다음번에도 또 이용할 계획이예요 ㅎ_ㅎ</p>', 'whwhxndj', 11, '2023-08-28', '2023-08-28', 0, 'N', 0),
	(19, '김포에서 놀기 좋은 현대프리미어아울렛!', '<p>엊그제 쇼핑갔다왔는데 플렉스 하고 왔네요. 훗</p>', 'rlavh', 7, '2023-08-28', '2023-08-28', 0, 'N', 0),
	(20, '요즘 재밋는게임 없나요?', '<p>주말마다 심심해 죽겠어요~~~</p>', 'rlavh', 7, '2023-08-28', '2023-08-28', 0, 'N', 0),
	(21, '아 기분이 별로네요.', '<p>저번주에 놀러갔다왔는데 사장 마인드가,...ㅡㅡ 어느 숙박업체인지는 공개 안하겠지만 정말 별로였어요 </p>', 'dltmdgus', 18, '2023-08-28', '2023-08-28', 0, 'N', 0),
	(22, '오늘 야구는 누가이길까요 ?', '<p>ssg랑 키움이랑하는데 누가이길까요 ?</p><p>개인적으로는 ssg가이기는게 ..</p>', 'qkqh', 1, '2023-08-29', '2023-08-29', 0, 'N', 0),
	(23, '혼자여행하기좋은곳 추천해주시면 감사하겠습니다!', '<p>제곧내</p>', 'qkqh', 6, '2023-08-29', '2023-08-29', 3, 'N', 0),
	(24, '여행관련조언부탁드립니다', '<p>여행할때 커피는 몇잔정도 마셔야되나요?</p><p>아시는분있으면 조언좀 부탁드립니다 ㅠㅠ</p>', 'qkqh', 1, '2023-08-29', '2023-08-29', 0, 'N', 0),
	(25, '숙소에 컴퓨터', '<p>숙소에 컴퓨터들고가서 게임할수있을까요?</p><p>해보신분있으시면 댓글달아주세요!</p>', 'qkqh', 0, '2023-08-29', '2023-08-29', 0, 'N', 0),
	(26, '배낭여행가기좋은곳 추천해주세요!', '<p>배낭여행가려고하는데 로컬맛집많은곳 추천해주세요~</p>', 'yerim', 1, '2023-08-29', '2023-08-29', 0, 'N', 0),
	(27, '같이 여행가실분구합니다!', '<p>배낭여행 같이가실분 있으실까요?</p><p>개인적으로 dm부탁드립니다.</p><p>010-2242-7850</p>', 'yerim', 0, '2023-08-29', '2023-08-29', 0, 'N', 0),
	(29, '9월1일 ssg vs kia 경기 보러가시는분있나요?', '<p>기아팬들 지고서 화풀이하는거아닌가모르겠네요 ㅠㅠ&nbsp;</p><p>무서워요</p>', 'qkqh', 40, '2023-08-29', '2023-08-29', 0, 'N', 0),
	(30, 'qkqh 저사람..', '<p>맨날 야구얘기만하는데 사이트 잘못찾아오신거아닌가요</p>', 'yerim', 8, '2023-08-29', '2023-08-29', 0, 'N', 2),
	(32, '너굴맨 왔다가요 ', '<p>ㄴ너굴너굴 너부리</p>', 'admin', 43, '2023-08-29', '2023-08-29', 2, 'N', 1),
	(33, '조조투어 좋아요!!', '<p> 야호~!!</p>', 'yerim', 18, '2023-08-30', '2023-08-30', 6, 'N', 1);

-- 테이블 semi.T2_INQUIRY_FILE_TBL 구조 내보내기
CREATE TABLE IF NOT EXISTS `T2_INQUIRY_FILE_TBL` (
  `FILE_NO` int NOT NULL AUTO_INCREMENT COMMENT '이미지 PK',
  `I_NO` int NOT NULL COMMENT '외래키',
  `FILE_NAME` varchar(100) CHARACTER SET utf8mb4 COLLATE utf8mb4_0900_ai_ci NOT NULL COMMENT '이미지명',
  `FILE_SAVE_NAME` varchar(100) CHARACTER SET utf8mb4 COLLATE utf8mb4_0900_ai_ci NOT NULL COMMENT '저장된이미지명',
  `FILE_PATH` varchar(300) NOT NULL COMMENT '이미지경로',
  `FILE_DATE` date NOT NULL DEFAULT (now()),
  `MAIN_YN` char(1) CHARACTER SET utf8mb4 COLLATE utf8mb4_0900_ai_ci NOT NULL DEFAULT 'N' COMMENT '메인(썸네일)여부',
  `FILE_DELYN` char(1) CHARACTER SET utf8mb4 COLLATE utf8mb4_0900_ai_ci NOT NULL DEFAULT 'N' COMMENT '삭제YN',
  PRIMARY KEY (`FILE_NO`) USING BTREE
) ENGINE=InnoDB DEFAULT CHARSET=utf8mb4 COLLATE=utf8mb4_0900_ai_ci COMMENT='문의게시판파일';

-- 테이블 데이터 semi.T2_INQUIRY_FILE_TBL:~0 rows (대략적) 내보내기

-- 테이블 semi.T2_INQUIRY_TBL 구조 내보내기
CREATE TABLE IF NOT EXISTS `T2_INQUIRY_TBL` (
  `I_NO` int NOT NULL AUTO_INCREMENT COMMENT '문의게시판PK',
  `U_ID` varchar(15) NOT NULL COMMENT '게시글작성자',
  `CATEGORY_NO` int DEFAULT NULL COMMENT '질문카테고리',
  `ORDER_NO` int DEFAULT NULL COMMENT '예약번호문의시선택',
  `I_TITLE` varchar(100) CHARACTER SET utf8mb4 COLLATE utf8mb4_0900_ai_ci NOT NULL COMMENT '제목',
  `I_CONTENT` varchar(1000) CHARACTER SET utf8mb4 COLLATE utf8mb4_0900_ai_ci NOT NULL COMMENT '내용',
  `I_HITS` int NOT NULL DEFAULT '0' COMMENT '조회수',
  `I_WRITE_TIME` date NOT NULL COMMENT '작성날짜',
  `I_UPDATE_TIME` date NOT NULL COMMENT '수정날짜',
  `PRIVATE_YN` char(1) NOT NULL DEFAULT 'Y' COMMENT '비공개여부(Y:비공개)',
  `I_PASSWORD` varchar(15) DEFAULT NULL COMMENT '문의글비밀번호',
  `ANSWER_YN` char(1) NOT NULL DEFAULT 'N' COMMENT '답변완료상태',
  `DELYN` char(1) CHARACTER SET utf8mb4 COLLATE utf8mb4_0900_ai_ci NOT NULL DEFAULT 'N' COMMENT '삭제YN',
  PRIMARY KEY (`I_NO`)
) ENGINE=InnoDB AUTO_INCREMENT=80 DEFAULT CHARSET=utf8mb4 COLLATE=utf8mb4_0900_ai_ci COMMENT='1:1문의';

-- 테이블 데이터 semi.T2_INQUIRY_TBL:~28 rows (대략적) 내보내기
INSERT INTO `T2_INQUIRY_TBL` (`I_NO`, `U_ID`, `CATEGORY_NO`, `ORDER_NO`, `I_TITLE`, `I_CONTENT`, `I_HITS`, `I_WRITE_TIME`, `I_UPDATE_TIME`, `PRIVATE_YN`, `I_PASSWORD`, `ANSWER_YN`, `DELYN`) VALUES
	(47, 'eksqjf', NULL, NULL, '[비밀]gdgd', '<p>gdgd</p>', 15, '2023-08-24', '2023-08-24', 'Y', '1', 'N', 'Y'),
	(49, 'qkqh', NULL, NULL, '[비밀] 숙박관련 문의드립니다.', '<p>혼자자기 무서운데 어떻게할까요?</p>', 3, '2023-08-28', '2023-08-28', 'Y', '1234', 'Y', 'N'),
	(50, 'admin', NULL, NULL, '[비밀] 숙박관련 문의드립니다.글에 답변드립니다!', '<p>혼자자기 무서운데 어떻게할까요?</p><p><br></p><p>-----------------------------------</p><p><br></p><p>안녕하세요.</p><p><br></p><p>조조투어를 이용해주셔서 감사드립니다.</p><p><br></p><p>술한잔드시고 주무시면 편할것같습니다 ^^</p><p><br></p>', 2, '2023-08-28', '2023-08-28', 'Y', '1234', 'A', 'N'),
	(51, 'qkqh', NULL, NULL, '[비밀] 렌터카 관련 문의합니다.', '<p>혼자 운전하기 무서운데 어떻게할까요 ?</p>', 2, '2023-08-28', '2023-08-28', 'Y', '1234', 'Y', 'N'),
	(52, 'admin', NULL, NULL, '[비밀] 렌터카 관련 문의합니다.글에 답변드립니다!', '<p>혼자 운전하기 무서운데 어떻게할까요 ?</p><p><br></p><p>-----------------------------------</p><p><br></p><p>안녕하세요.</p><p><br></p><p>조조투어를 이용해주셔서 감사드립니다.</p><p><br></p><p>옆자리에 큼지막한 인형을 두고 운전하시는건 어떨까요 ^^?</p><p><br></p>', 1, '2023-08-28', '2023-08-28', 'Y', '1234', 'A', 'N'),
	(53, 'qkqh', NULL, NULL, '레저관련 문의', '<p>혼자 레저즐기기 외로운데 어떻게할까요 ?</p>', 8, '2023-08-28', '2023-08-28', 'N', '', 'Y', 'N'),
	(54, 'admin', NULL, NULL, '레저관련 문의글에 답변드립니다!', '<p>혼자 레저즐기기 외로운데 어떻게할까요 ?</p><p><br></p><p>-----------------------------------</p><p><br></p><p>안녕하세요.</p><p><br></p><p>조조투어를 이용해주셔서 감사드립니다.</p><p><br></p><p>관광지에가서 친구나 애인을사귀신다음 레저를즐기는건 어떨까요 ^^ ?</p><p><br></p>', 2, '2023-08-28', '2023-08-28', 'N', '', 'A', 'N'),
	(55, 'qkqh', NULL, NULL, '[비밀] 패키지 관련문의', '<p>패키지가 영어로뭐죠?</p>', 4, '2023-08-28', '2023-08-28', 'Y', '1234', 'Y', 'N'),
	(56, 'admin', NULL, NULL, '[비밀] 패키지 관련문의글에 답변드립니다!', '<p>패키지가 영어로뭐죠?</p><p><br></p><p>-----------------------------------</p><p><br></p><p>안녕하세요.</p><p><br></p><p>조조투어를 이용해주셔서 감사드립니다.</p><p><br></p><p>PACKAGE입니다 고객님 ^^</p>', 6, '2023-08-28', '2023-08-28', 'Y', '1234', 'A', 'N'),
	(57, 'qkqh', NULL, NULL, '게시판 글쓰기문의', '<p>왜 로그인을 해야지만 게시판을 사용할수있나요? </p>', 21, '2023-08-28', '2023-08-28', 'N', '', 'N', 'N'),
	(59, 'host', NULL, NULL, '[비밀] 찜목록 문의드립니다 !!', '<p>문희는 포도가 먹고싶은데..</p>', 49, '2023-08-28', '2023-08-28', 'Y', '1234', 'Y', 'N'),
	(60, 'admin', NULL, NULL, '[비밀] 찜목록 문의드립니다 !!글에 답변드립니다!', '<p>문희는 포도가 먹고싶은데..</p><p><br></p><p>-----------------------------------</p><p><br></p><p>안녕하세요.</p><p><br></p><p>조조투어를 이용해주셔서 감사드립니다.</p><p><br></p><p>ㅍ포도 많이 드시고 건승하세요~</p>', 3, '2023-08-29', '2023-08-29', 'Y', '1234', 'A', 'N'),
	(61, 'eksqjf', NULL, NULL, '[비밀]dd', '<p>dd</p>', 20, '2023-08-28', '2023-08-28', 'Y', '1', 'Y', 'N'),
	(62, 'admin', NULL, NULL, '[비밀]dd글에 답변드립니다!', '<p>dd</p><p><br></p><p>-----------------------------------</p><p><br></p><p>안녕하세요.</p><p><br></p><p>조조투어를 이용해주셔서 감사드립니다.</p><p><br></p><p>gg</p>', 2, '2023-08-29', '2023-08-29', 'Y', '1', 'A', 'N'),
	(63, '1', NULL, NULL, '[비밀] 갑자기 질문이요!', '<p>&nbsp;갑자기 천재지변이나 예기치 못한 상황때문에 예약 장소에 못가면 어떻게 하나요?</p>', 13, '2023-08-29', '2023-08-29', 'Y', '123', 'Y', 'N'),
	(64, 'admin', NULL, NULL, '[비밀] 갑자기 질문이요!글에 답변드립니다!', '<p>&nbsp;갑자기 천재지변이나 예기치 못한 상황때문에 예약 장소에 못가면 어떻게 하나요?</p><p><br></p><p>-----------------------------------</p><p><br></p><p> 안녕하세요.</p><p><br></p><p> 조조투어를 이용해주셔서 감사드립니다.</p><p> 예약 번호와 함께 1:1 문의를 남겨주세요.</p>', 2, '2023-08-29', '2023-08-29', 'Y', '123', 'A', 'N'),
	(65, 'yerim', NULL, NULL, '[비밀]하이', '<p>  dddd</p>', 6, '2023-08-29', '2023-08-29', 'Y', '1111', 'Y', 'N'),
	(66, 'admin', NULL, NULL, '[비밀]하이글에 답변드립니다!', '<p>  dddd</p><p><br></p><p>-----------------------------------</p><p><br></p><p>  </p><p>안녕하세요.</p><p><br></p><p> 조조투어를 이용해주셔서 감사드립니다.</p><p><br></p><p> 안녕하세요</p>', 1, '2023-08-29', '2023-08-29', 'Y', '1111', 'A', 'N'),
	(67, 'ekseks', NULL, NULL, '[비밀]날씨에 영향이 있나요?', '<p>수상레저 스노쿨링을 진행하고 싶습니다.</p>', 4, '2023-08-30', '2023-08-30', 'Y', '123', 'Y', 'N'),
	(68, 'admin', NULL, NULL, '[비밀]날씨에 영향이 있나요?글에 답변드립니다!', '<p>수상레저 스노쿨링을 진행하고 싶습니다.</p><p><br></p><p>-----------------------------------</p><p><br></p><p> 안녕하세요.</p><p><br></p><p> 조조투어를 이용해주셔서 감사드립니다.</p><p><br></p><p> 날씨를 미리 알아보시고 가면 조금더 편안한 여행을 하실수 있습니다!</p>', 1, '2023-08-30', '2023-08-30', 'Y', '123', 'A', 'N'),
	(69, '1', NULL, NULL, '[비밀] 환불문의요', '<p> 환불을 홈페이지를 통해서 하나요??</p>', 7, '2023-08-30', '2023-08-30', 'Y', '123', 'Y', 'N'),
	(70, 'admin', NULL, NULL, '[비밀] 환불문의요 글에 답변드립니다!', '<p> 환불을 홈페이지를 통해서 하나요??</p><p><br></p><p>-----------------------------------</p><p><br></p><p> 안녕하세요.</p><p><br></p><p> 조조투어를 이용해주셔서 감사드립니다.</p><p><br></p><p> 홈페이지를 통해서 환불하면 더욱 편리합니다!</p><p><br></p>', 0, '2023-08-30', '2023-08-30', 'Y', '123', 'A', 'N'),
	(71, 'test08', NULL, NULL, '[비밀] 환불하면 결제했던 수단으로 바로 환불되나요??', '<p> 궁금해요!</p>', 0, '2023-08-30', '2023-08-30', 'Y', '1234', 'N', 'N'),
	(72, 'admin', NULL, NULL, '[비밀] 티켓은 현장 발권인가요?? 글에 답변드립니다!', '<p> 티켓은 현장에서 뽑으면 되나요??</p><p><br></p><p>-----------------------------------</p><p><br></p><p> 안녕하세요.</p><p><br></p><p> 조조투어를 이용해주셔서 감사드립니다.</p><p><br></p><p> 현장에서 발권 받아 입장하시면 됩니다!</p>', 0, '2023-08-30', '2023-08-30', 'Y', '123', 'A', 'N'),
	(73, 'ekdekd', NULL, NULL, '[비밀]날씨영향이 있나요?', '<p> 비가오면 어떻게 하나요?</p>', 3, '2023-08-30', '2023-08-30', 'Y', '123', 'N', 'N'),
	(75, 'olsang35', NULL, NULL, '[비밀] 비밀글', '<p> 비밀글입니다</p>', 0, '2023-08-30', '2023-08-30', 'Y', '1234', 'N', 'N'),
	(77, 'olsang35', NULL, NULL, '비밀글입니다', '<p> 비밀글입니다</p>', 0, '2023-08-30', '2023-08-30', 'N', '', 'N', 'N'),
	(79, 'test02', NULL, NULL, '[비밀] 환불은 어떻게 하나요?', '<p> 어디서 환불을 진행해야 하나요?</p>', 2, '2023-08-30', '2023-08-30', 'Y', '1234', 'N', 'N');

-- 테이블 semi.T2_JJIM_TBL 구조 내보내기
CREATE TABLE IF NOT EXISTS `T2_JJIM_TBL` (
  `U_ID` varchar(15) CHARACTER SET utf8mb4 COLLATE utf8mb4_0900_ai_ci NOT NULL COMMENT '아이디',
  `PRODUCT_NO` int NOT NULL COMMENT '상품번호',
  `PRODUCT_KIND` varchar(10) CHARACTER SET utf8mb4 COLLATE utf8mb4_0900_ai_ci NOT NULL
) ENGINE=InnoDB DEFAULT CHARSET=utf8mb4 COLLATE=utf8mb4_0900_ai_ci COMMENT='찜목록';

-- 테이블 데이터 semi.T2_JJIM_TBL:~65 rows (대략적) 내보내기
INSERT INTO `T2_JJIM_TBL` (`U_ID`, `PRODUCT_NO`, `PRODUCT_KIND`) VALUES
	('qkqh', 1000030, 'LEISURE'),
	('1', 1000075, 'RENT'),
	('1', 1000030, 'LEISURE'),
	('1', 1000029, 'LEISURE'),
	('admin', 1000075, 'RENT'),
	('eksqjf', 1000075, 'RENT'),
	('eksqjf', 1000085, 'RENT'),
	('eksqjf', 1000086, 'RENT'),
	('eksqjf', 1000084, 'RENT'),
	('1', 1000088, 'RENT'),
	('1', 1000013, 'LEISURE'),
	('admin', 1000090, 'RENT'),
	('admin', 1000100, 'RENT'),
	('admin', 1000017, 'LEISURE'),
	('admin', 1000044, 'LEISURE'),
	('admin', 1000040, 'LEISURE'),
	('admin', 1000036, 'LEISURE'),
	('yerim', 1000075, 'RENT'),
	('admin', 1000030, 'LEISURE'),
	('admin', 1000085, 'RENT'),
	('admin', 1000081, 'RENT'),
	('admin', 1000084, 'RENT'),
	('admin', 1000103, 'RENT'),
	('admin', 1000102, 'RENT'),
	('admin', 1000095, 'RENT'),
	('eksqjf', 1000016, 'LEISURE'),
	('host', 1000032, 'LEISURE'),
	('host', 1000036, 'LEISURE'),
	('host', 1000043, 'LEISURE'),
	('host', 1000042, 'LEISURE'),
	('host', 1000041, 'LEISURE'),
	('1', 1000074, 'RENT'),
	('1', 1000016, 'LEISURE'),
	('host', 1000087, 'RENT'),
	('host', 1000074, 'RENT'),
	('yerim', 1000109, 'STAY'),
	('qkqh', 1000075, 'RENT'),
	('yerim', 1000125, 'STAY'),
	('yerim', 1000074, 'RENT'),
	('eksqjf', 1000108, 'STAY'),
	('eksqjf', 1000110, 'STAY'),
	('eksqjf', 1000111, 'STAY'),
	('eksqjf', 1000109, 'STAY'),
	('eksqjf', 1000126, 'STAY'),
	('eksqjf', 1000125, 'STAY'),
	('yerim', 1000081, 'RENT'),
	('1', 1000107, 'STAY'),
	('host', 1000108, 'STAY'),
	('host', 1000110, 'STAY'),
	('host', 1000075, 'RENT'),
	('ekseks', 1000099, 'RENT'),
	('ekseks', 1000013, 'LEISURE'),
	('rbrbrkrk', 1000088, 'RENT'),
	('eksqjf', 1000107, 'STAY'),
	('test06', 1000111, 'STAY'),
	('test06', 1000080, 'RENT'),
	('test08', 1000107, 'STAY'),
	('test08', 1000080, 'RENT'),
	('test08', 1000038, 'LEISURE'),
	('olsang35', 1000080, 'RENT'),
	('olsang35', 1000013, 'LEISURE'),
	('ekdekd', 1000074, 'RENT'),
	('olsang35', 1000037, 'LEISURE'),
	('test02', 1000107, 'STAY'),
	('test02', 1000080, 'RENT');

-- 테이블 semi.T2_LEISURE_IMG_TBL 구조 내보내기
CREATE TABLE IF NOT EXISTS `T2_LEISURE_IMG_TBL` (
  `IMG_NO` int NOT NULL AUTO_INCREMENT COMMENT '이미지 PK',
  `LEISURE_NO` int NOT NULL COMMENT '외래키',
  `IMG_NAME` varchar(100) CHARACTER SET utf8mb4 COLLATE utf8mb4_0900_ai_ci NOT NULL COMMENT '이미지명',
  `IMG_SAVE_NAME` varchar(100) CHARACTER SET utf8mb4 COLLATE utf8mb4_0900_ai_ci NOT NULL COMMENT '저장된이미지명',
  `IMG_PATH` varchar(300) NOT NULL COMMENT '이미지경로',
  `IMG_DATE` date NOT NULL DEFAULT (now()),
  `MAIN_YN` char(1) CHARACTER SET utf8mb4 COLLATE utf8mb4_0900_ai_ci NOT NULL DEFAULT 'N' COMMENT '메인(썸네일)여부',
  `IMG_DELYN` char(1) CHARACTER SET utf8mb4 COLLATE utf8mb4_0900_ai_ci NOT NULL DEFAULT 'N' COMMENT '삭제YN',
  PRIMARY KEY (`IMG_NO`)
) ENGINE=InnoDB AUTO_INCREMENT=111 DEFAULT CHARSET=utf8mb4 COLLATE=utf8mb4_0900_ai_ci COMMENT='레저이미지';

-- 테이블 데이터 semi.T2_LEISURE_IMG_TBL:~94 rows (대략적) 내보내기
INSERT INTO `T2_LEISURE_IMG_TBL` (`IMG_NO`, `LEISURE_NO`, `IMG_NAME`, `IMG_SAVE_NAME`, `IMG_PATH`, `IMG_DATE`, `MAIN_YN`, `IMG_DELYN`) VALUES
	(13, 1000013, 'snorkeling.jpg', '202372211301692671420338.jpg', '../img/leisure/202372211301692671420338.jpg', '2023-08-22', 'Y', 'N'),
	(14, 1000013, 'snoc.jpg', '20237280311693193489819.jpg', '../img/leisure/20237280311693193489819.jpg', '2023-08-28', 'N', 'N'),
	(15, 1000014, 'snorkeling2.jpg', '202372211321692671551182.jpg', '../img/leisure/202372211321692671551182.jpg', '2023-08-22', 'N', 'Y'),
	(16, 1000014, 'snorkeling2.jpg', '202372211321692671551180.jpg', '../img/leisure/202372211321692671551180.jpg', '2023-08-22', 'Y', 'Y'),
	(17, 1000015, 'snoc1.jpg', '20237280401693194017284.jpg', '../img/leisure/20237280401693194017284.jpg', '2023-08-28', 'N', 'N'),
	(18, 1000015, 'snorkeling2.jpg', '202372211331692671606112.jpg', '../img/leisure/202372211331692671606112.jpg', '2023-08-22', 'Y', 'N'),
	(19, 1000016, 'snoc2.jpg', '20237280401693194035306.jpg', '../img/leisure/20237280401693194035306.jpg', '2023-08-28', 'N', 'N'),
	(20, 1000016, 'snorkeling3.jpg', '202372211341692671679110.jpg', '../img/leisure/202372211341692671679110.jpg', '2023-08-22', 'Y', 'N'),
	(21, 1000017, 'snoc3.jpg', '20237280401693194048543.jpg', '../img/leisure/20237280401693194048543.jpg', '2023-08-28', 'N', 'N'),
	(22, 1000017, 'snorkeling4.jpg', '202372211351692671753225.jpg', '../img/leisure/202372211351692671753225.jpg', '2023-08-22', 'Y', 'N'),
	(23, 1000018, 'sailing yacht2.jpg', '202372211371692671861572.jpg', '../img/leisure/202372211371692671861572.jpg', '2023-08-22', 'N', 'Y'),
	(24, 1000018, 'sailing yacht2.jpg', '202372211371692671861572.jpg', '../img/leisure/202372211371692671861572.jpg', '2023-08-22', 'Y', 'Y'),
	(25, 1000019, 'sailing yacht3.jpg', '202372211391692671962770.jpg', '../img/leisure/202372211391692671962770.jpg', '2023-08-22', 'Y', 'Y'),
	(26, 1000019, 'sailing yacht3.jpg', '202372211391692671962773.jpg', '../img/leisure/202372211391692671962773.jpg', '2023-08-22', 'N', 'Y'),
	(27, 1000020, 'sailing yacht2.jpg', '20237299551693270530536.jpg', '../img/leisure/20237299551693270530536.jpg', '2023-08-29', 'Y', 'N'),
	(28, 1000020, 'yacht0.jpg', '20237299541693270455994.jpg', '../img/leisure/20237299541693270455994.jpg', '2023-08-29', 'N', 'N'),
	(29, 1000021, 'surfing.jpg', '202372211421692672147696.jpg', '../img/leisure/202372211421692672147696.jpg', '2023-08-22', 'Y', 'N'),
	(30, 1000021, '6.jpg', '20237292351693287321335.jpg', '../img/leisure/20237292351693287321335.jpg', '2023-08-29', 'N', 'N'),
	(31, 1000022, 'surfing2.jpg', '202372211441692672253818.jpg', '../img/leisure/202372211441692672253818.jpg', '2023-08-22', 'Y', 'N'),
	(32, 1000022, '6.jpg', '20237292351693287345101.jpg', '../img/leisure/20237292351693287345101.jpg', '2023-08-29', 'N', 'N'),
	(33, 1000023, 'surfing3.jpg', '202372211451692672320791.jpg', '../img/leisure/202372211451692672320791.jpg', '2023-08-22', 'Y', 'Y'),
	(34, 1000023, 'surfing3.jpg', '202372211451692672320791.jpg', '../img/leisure/202372211451692672320791.jpg', '2023-08-22', 'N', 'Y'),
	(35, 1000024, '6.jpg', '20237292361693287368107.jpg', '../img/leisure/20237292361693287368107.jpg', '2023-08-29', 'N', 'N'),
	(36, 1000024, 'surfing4.jpg', '202372211461692672390283.jpg', '../img/leisure/202372211461692672390283.jpg', '2023-08-22', 'Y', 'N'),
	(37, 1000025, '6.jpg', '20237292361693287386488.jpg', '../img/leisure/20237292361693287386488.jpg', '2023-08-29', 'N', 'N'),
	(38, 1000025, 'surfing3.jpg', '202372211471692672430699.jpg', '../img/leisure/202372211471692672430699.jpg', '2023-08-22', 'Y', 'N'),
	(39, 1000026, 'zettboat3.jpg', '202372211551692672942868.jpg', '../img/leisure/202372211551692672942868.jpg', '2023-08-22', 'Y', 'N'),
	(40, 1000026, 'zettboat3.jpg', '202372211551692672942868.jpg', '../img/leisure/202372211551692672942868.jpg', '2023-08-22', 'N', 'N'),
	(41, 1000027, 'zettboat4.jpg', '202372211561692673006045.jpg', '../img/leisure/202372211561692673006045.jpg', '2023-08-22', 'Y', 'N'),
	(42, 1000027, 'zettboat4.jpg', '202372211561692673006045.jpg', '../img/leisure/202372211561692673006045.jpg', '2023-08-22', 'N', 'N'),
	(43, 1000028, 'zettboat2.jpg', '202372211571692673077300.jpg', '../img/leisure/202372211571692673077300.jpg', '2023-08-22', 'N', 'N'),
	(44, 1000028, 'zettboat2.jpg', '202372211571692673077300.jpg', '../img/leisure/202372211571692673077300.jpg', '2023-08-22', 'Y', 'N'),
	(45, 1000029, 'atv.jpg', '2023722011692673295902.jpg', '../img/leisure/2023722011692673295902.jpg', '2023-08-22', 'Y', 'N'),
	(46, 1000029, 'atv1.jpg', '2023728001693191642805.jpg', '../img/leisure/2023728001693191642805.jpg', '2023-08-28', 'N', 'N'),
	(47, 1000030, 'atv2.jpg', '2023728051693191942145.jpg', '../img/leisure/2023728051693191942145.jpg', '2023-08-28', 'N', 'N'),
	(48, 1000030, 'atv2.jpg', '2023722021692673346787.jpg', '../img/leisure/2023722021692673346787.jpg', '2023-08-22', 'Y', 'N'),
	(49, 1000031, 'atv3.jpg', '2023728051693191922889.jpg', '../img/leisure/2023728051693191922889.jpg', '2023-08-28', 'N', 'N'),
	(50, 1000031, 'atv3.jpg', '2023722031692673414875.jpg', '../img/leisure/2023722031692673414875.jpg', '2023-08-22', 'Y', 'N'),
	(51, 1000032, 'atv4.jpg', '2023722051692673548620.jpg', '../img/leisure/2023722051692673548620.jpg', '2023-08-22', 'Y', 'N'),
	(52, 1000032, 'atv4.jpg', '2023728051693191900025.jpg', '../img/leisure/2023728051693191900025.jpg', '2023-08-28', 'N', 'N'),
	(53, 1000033, 'glider1.jpg', '20237280441693194297250.jpg', '../img/leisure/20237280441693194297250.jpg', '2023-08-28', 'N', 'N'),
	(54, 1000033, 'paragliding.jpg', '2023722061692673595680.jpg', '../img/leisure/2023722061692673595680.jpg', '2023-08-22', 'Y', 'N'),
	(55, 1000034, 'paragliding2.jpg', '2023722071692673651027.jpg', '../img/leisure/2023722071692673651027.jpg', '2023-08-22', 'Y', 'N'),
	(56, 1000034, 'glider2.jpg', '20237280431693194184475.jpg', '../img/leisure/20237280431693194184475.jpg', '2023-08-28', 'N', 'N'),
	(57, 1000035, 'paragliding3.jpg', '2023722081692673694151.jpg', '../img/leisure/2023722081692673694151.jpg', '2023-08-22', 'Y', 'N'),
	(58, 1000035, 'glider3.jpg', '20237280431693194212400.jpg', '../img/leisure/20237280431693194212400.jpg', '2023-08-28', 'N', 'N'),
	(59, 1000036, 'paragliding4.jpg', '20237220101692673829286.jpg', '../img/leisure/20237220101692673829286.jpg', '2023-08-22', 'Y', 'N'),
	(60, 1000036, 'glider4.jpg', '20237280461693194396952.jpg', '../img/leisure/20237280461693194396952.jpg', '2023-08-28', 'N', 'N'),
	(61, 1000037, 'riding.JPG', '20237220111692673891130.JPG', '../img/leisure/20237220111692673891130.JPG', '2023-08-22', 'Y', 'N'),
	(62, 1000037, 'horse1.jpg', '20237280351693193712750.jpg', '../img/leisure/20237280351693193712750.jpg', '2023-08-28', 'N', 'N'),
	(63, 1000038, 'horse2.jpg', '20237280341693193699085.jpg', '../img/leisure/20237280341693193699085.jpg', '2023-08-28', 'N', 'N'),
	(64, 1000038, 'riding2.JPG', '20237220121692673930357.JPG', '../img/leisure/20237220121692673930357.JPG', '2023-08-22', 'Y', 'N'),
	(65, 1000039, 'riding3.JPG', '20237220131692673991434.JPG', '../img/leisure/20237220131692673991434.JPG', '2023-08-22', 'Y', 'N'),
	(66, 1000039, 'horse3.jpg', '20237280341693193682724.jpg', '../img/leisure/20237280341693193682724.jpg', '2023-08-28', 'N', 'N'),
	(67, 1000040, 'riding4.JPG', '20237220141692674050950.JPG', '../img/leisure/20237220141692674050950.JPG', '2023-08-22', 'Y', 'N'),
	(68, 1000040, 'horse4.jpg', '20237280361693193800784.jpg', '../img/leisure/20237280361693193800784.jpg', '2023-08-28', 'N', 'N'),
	(69, 1000041, 'atv11.jpg', '20237288511693223463535.jpg', '../img/leisure/20237288511693223463535.jpg', '2023-08-28', 'N', 'N'),
	(70, 1000041, 'atv1.jpg', '20237288511693223463532.jpg', '../img/leisure/20237288511693223463532.jpg', '2023-08-28', 'Y', 'N'),
	(71, 1000042, 'atv12.jpg', '20237288531693223593849.jpg', '../img/leisure/20237288531693223593849.jpg', '2023-08-28', 'N', 'N'),
	(72, 1000042, 'atv3.jpg', '20237288531693223593847.jpg', '../img/leisure/20237288531693223593847.jpg', '2023-08-28', 'Y', 'N'),
	(73, 1000043, 'atv10.jpg', '20237288551693223743287.jpg', '../img/leisure/20237288551693223743287.jpg', '2023-08-28', 'Y', 'N'),
	(74, 1000043, 'atv13.jpg', '20237288541693223685692.jpg', '../img/leisure/20237288541693223685692.jpg', '2023-08-28', 'N', 'N'),
	(75, 1000044, 'yatch2.jpg', '20237291091693271373313.jpg', '../img/leisure/20237291091693271373313.jpg', '2023-08-29', 'N', 'N'),
	(76, 1000044, 'yacht2.jpg', '20237291091693271373312.jpg', '../img/leisure/20237291091693271373312.jpg', '2023-08-29', 'Y', 'N'),
	(77, 1000045, 'yatch1.jpg', '20237290461693280778890.jpg', '../img/leisure/20237290461693280778890.jpg', '2023-08-29', 'N', 'N'),
	(78, 1000045, 'yacht3.jpg', '202372910151693271738069.jpg', '../img/leisure/202372910151693271738069.jpg', '2023-08-29', 'Y', 'N'),
	(79, 1000046, 'main_atv1.jpg', '20237290591693281559283.jpg', '../img/leisure/20237290591693281559283.jpg', '2023-08-29', 'Y', 'N'),
	(80, 1000046, '1.png', '20237290591693281559283.png', '../img/leisure/20237290591693281559283.png', '2023-08-29', 'N', 'N'),
	(81, 1000047, '2.png', '20237290591693281596134.png', '../img/leisure/20237290591693281596134.png', '2023-08-29', 'N', 'N'),
	(82, 1000047, 'main_atv2.jpg', '20237290591693281596134.jpg', '../img/leisure/20237290591693281596134.jpg', '2023-08-29', 'Y', 'N'),
	(83, 1000048, '1.jpg', '2023729161693282012795.jpg', '../img/leisure/2023729161693282012795.jpg', '2023-08-29', 'Y', 'N'),
	(84, 1000048, '11.png', '2023729161693282012809.png', '../img/leisure/2023729161693282012809.png', '2023-08-29', 'N', 'N'),
	(85, 1000049, '12.png', '2023729171693282078109.png', '../img/leisure/2023729171693282078109.png', '2023-08-29', 'N', 'N'),
	(86, 1000049, '2.jpg', '2023729171693282078109.jpg', '../img/leisure/2023729171693282078109.jpg', '2023-08-29', 'Y', 'N'),
	(87, 1000050, '1.jpg', '20237291271693283220776.jpg', '../img/leisure/20237291271693283220776.jpg', '2023-08-29', 'Y', 'N'),
	(88, 1000050, 'g1.png', '20237291271693283220785.png', '../img/leisure/20237291271693283220785.png', '2023-08-29', 'N', 'N'),
	(89, 1000051, '12.jpg', '20237291311693283502034.jpg', '../img/leisure/20237291311693283502034.jpg', '2023-08-29', 'N', 'N'),
	(90, 1000051, '1.jpg', '20237291311693283502034.jpg', '../img/leisure/20237291311693283502034.jpg', '2023-08-29', 'Y', 'N'),
	(91, 1000052, 'diving01.png', '20237291561693285014488.png', '../img/leisure/20237291561693285014488.png', '2023-08-29', 'Y', 'N'),
	(92, 1000052, '55.jpg', '2023729271693285633508.jpg', '../img/leisure/2023729271693285633508.jpg', '2023-08-29', 'N', 'N'),
	(93, 1000053, 'snow02.jpg', '2023729271693285632108.jpg', '../img/leisure/2023729271693285632108.jpg', '2023-08-29', 'N', 'N'),
	(94, 1000053, 'diving02.png', '20237291591693285144603.png', '../img/leisure/20237291591693285144603.png', '2023-08-29', 'Y', 'N'),
	(95, 1000054, 'surfing01.png', '2023729201693285235709.png', '../img/leisure/2023729201693285235709.png', '2023-08-29', 'Y', 'Y'),
	(96, 1000054, 'surfing03.jpg', '2023729231693285433192.jpg', '../img/leisure/2023729231693285433192.jpg', '2023-08-29', 'N', 'Y'),
	(97, 1000055, '1.jpg', '2023729211693285289610.jpg', '../img/leisure/2023729211693285289610.jpg', '2023-08-29', 'Y', 'N'),
	(98, 1000055, '6.jpg', '2023729211693285289613.jpg', '../img/leisure/2023729211693285289613.jpg', '2023-08-29', 'N', 'N'),
	(103, 1000058, 'yacht0.jpg', '20237304101693379429241.jpg', '../img/leisure/20237304101693379429241.jpg', '2023-08-30', 'N', 'Y'),
	(104, 1000058, 'yatch1.jpg', '20237304101693379429241.jpg', '../img/leisure/20237304101693379429241.jpg', '2023-08-30', 'Y', 'Y'),
	(105, 1000059, 'leisure.jpg', '2023730561693382810785.jpg', '../img/leisure/2023730561693382810785.jpg', '2023-08-30', 'Y', 'Y'),
	(106, 1000059, 'leisure_view.jpg', '2023730561693382810785.jpg', '../img/leisure/2023730561693382810785.jpg', '2023-08-30', 'N', 'Y'),
	(107, 1000060, 'leisure_view.jpg', '20237305241693383850913.jpg', '../img/leisure/20237305241693383850913.jpg', '2023-08-30', 'N', 'Y'),
	(108, 1000060, 'leisure.jpg', '20237305241693383850913.jpg', '../img/leisure/20237305241693383850913.jpg', '2023-08-30', 'Y', 'Y'),
	(109, 1000061, 'leisure.jpg', '20237305461693385189089.jpg', '../img/leisure/20237305461693385189089.jpg', '2023-08-30', 'Y', 'Y'),
	(110, 1000061, 'leisure_view.jpg', '20237305461693385189104.jpg', '../img/leisure/20237305461693385189104.jpg', '2023-08-30', 'N', 'Y');

-- 테이블 semi.T2_LEISURE_TBL 구조 내보내기
CREATE TABLE IF NOT EXISTS `T2_LEISURE_TBL` (
  `LEISURE_NO` int NOT NULL AUTO_INCREMENT COMMENT '상품번호',
  `U_ID` varchar(15) CHARACTER SET utf8mb4 COLLATE utf8mb4_0900_ai_ci NOT NULL COMMENT '판매자아이디',
  `LEISURE_NAME` varchar(30) CHARACTER SET utf8mb4 COLLATE utf8mb4_0900_ai_ci NOT NULL COMMENT '상품이름',
  `LEISURE_KIND` varchar(10) CHARACTER SET utf8mb4 COLLATE utf8mb4_0900_ai_ci NOT NULL COMMENT '레저종류 W:수상, G:지상',
  `LEISURE_PRICE` int NOT NULL DEFAULT '0' COMMENT '상품금액',
  `LEISURE_SALES` double NOT NULL DEFAULT '1' COMMENT '상품할인율',
  `L_ZIPNO` varchar(5) CHARACTER SET utf8mb4 COLLATE utf8mb4_0900_ai_ci NOT NULL COMMENT '우편번호',
  `L_ADDR` varchar(100) CHARACTER SET utf8mb4 COLLATE utf8mb4_0900_ai_ci NOT NULL COMMENT '레저 주소',
  `L_DETAIL_ADDR` varchar(100) CHARACTER SET utf8mb4 COLLATE utf8mb4_0900_ai_ci NOT NULL COMMENT '레저 상세 주소',
  `L_READ` int NOT NULL DEFAULT '0' COMMENT '조회수',
  `L_INSERT_TIME` date NOT NULL DEFAULT (now()) COMMENT '작성날짜',
  `L_UPDATE_TIME` date NOT NULL DEFAULT (now()) COMMENT '수정날짜',
  `L_RESIDUE` int NOT NULL DEFAULT '1' COMMENT '판매수량',
  `L_DELYN` char(1) CHARACTER SET utf8mb4 COLLATE utf8mb4_0900_ai_ci NOT NULL DEFAULT 'N' COMMENT '삭제YN',
  PRIMARY KEY (`LEISURE_NO`) USING BTREE
) ENGINE=InnoDB AUTO_INCREMENT=1000062 DEFAULT CHARSET=utf8mb4 COLLATE=utf8mb4_0900_ai_ci COMMENT='레저 종류';

-- 테이블 데이터 semi.T2_LEISURE_TBL:~47 rows (대략적) 내보내기
INSERT INTO `T2_LEISURE_TBL` (`LEISURE_NO`, `U_ID`, `LEISURE_NAME`, `LEISURE_KIND`, `LEISURE_PRICE`, `LEISURE_SALES`, `L_ZIPNO`, `L_ADDR`, `L_DETAIL_ADDR`, `L_READ`, `L_INSERT_TIME`, `L_UPDATE_TIME`, `L_RESIDUE`, `L_DELYN`) VALUES
	(1000013, 'host', '[제주] 성산 스쿠버 다이빙', 'SNORKE', 120000, 0.5, '63643', '제주특별자치도 서귀포시 성산읍 일출로 258-5', '성산포리조트', 107, '2023-08-22', '2023-08-28', 10, 'N'),
	(1000014, 'host', '[강원 속초] 스쿠버 다이빙', 'SNORKE', 180000, 0.35, '24838', '강원특별자치도 속초시 중앙로108번길 29', '파아란 스쿠버 다이빙', 0, '2023-08-22', '2023-08-22', 5, 'Y'),
	(1000015, 'host', '[강원 속초] 스쿠버 다이빙', 'SNORKE', 150000, 0.4, '24838', '강원특별자치도 속초시 중앙로108번길 29', '파아란 스쿠버 다이빙', 226, '2023-08-22', '2023-08-28', 5, 'N'),
	(1000016, 'host', '[제주] 타크라다이빙', 'SNORKE', 100000, 0.65, '63573', '제주특별자치도 서귀포시 막숙포로 66-1', '타크란 다이빙', 38, '2023-08-22', '2023-08-28', 5, 'N'),
	(1000017, 'host', '[강원 속초] 더다이브', 'SNORKE', 200000, 0.4, '24874', '강원특별자치도 속초시 조양로142번길 7', '2층', 20, '2023-08-22', '2023-08-28', 5, 'N'),
	(1000018, 'host', '[부산 해운대] 부산요트투어', 'YACHT', 30000, 0.7, '48090', '부산광역시 해운대구 해운대해변로 84', '수영만요트경기장 4번 계류장(4-17b) 요트야', 0, '2023-08-22', '2023-08-22', 50, 'Y'),
	(1000019, 'host', '[경북 포항] 요트데이', 'YACHT', 50000, 0.6, '37612', '경상북도 포항시 북구 해안로 247-1', '요트데이', 0, '2023-08-22', '2023-08-22', 50, 'Y'),
	(1000020, 'host', '[전남 여수] 미남크루즈', 'YACHT', 30000, 0.65, '59768', '전라남도 여수시 돌산읍 돌산로 3617-22', '미남크루즈', 271, '2023-08-22', '2023-08-29', 50, 'N'),
	(1000021, 'host', '[강원 양양] 서핑강습', 'SURFING', 60000, 0.85, '25047', '강원특별자치도 양양군 현북면 동해대로 1280', '마린서프', 65, '2023-08-22', '2023-08-29', 50, 'N'),
	(1000022, 'host', '[강원 양양] 몬스터서퍼스', 'SURFING', 70000, 0.8, '25047', '강원특별자치도 양양군 현북면 동해대로 1280', '1층 105호', 32, '2023-08-22', '2023-08-29', 50, 'N'),
	(1000023, 'host', '[경기 시흥] 웨이브파크 서핑', 'SNORKE', 100000, 0.8, '15119', '경기도 시흥시 거북섬둘레길 42', '웨이브파크', 8, '2023-08-22', '2023-08-22', 50, 'Y'),
	(1000024, 'host', '[부산 송정] 송정서핑강습', 'SURFING', 60000, 0.9, '48072', '부산광역시 해운대구 송정중앙로36번길 36-9', '비치웨이 지하', 30, '2023-08-22', '2023-08-29', 50, 'N'),
	(1000025, 'host', '[경기 시흥] 웨이브파크 ', 'SURFING', 100000, 0.8, '15119', '경기도 시흥시 거북섬둘레길 42', '웨이브파크 서프존', 15, '2023-08-22', '2023-08-29', 50, 'N'),
	(1000026, 'host', '[전남 여수] 퍼스트 제트보', 'JETSKI', 25000, 0.8, '59792', '전라남도 여수시 웅천남2로 12', '이순신마리나', 9, '2023-08-22', '2023-08-22', 50, 'N'),
	(1000027, 'host', '[제주] 비바제트보트', 'JETSKI', 30000, 0.7, '63535', '제주특별자치도 서귀포시 중문관광로 154-17', '비바제트보트', 12, '2023-08-22', '2023-08-22', 50, 'N'),
	(1000028, 'host', '[제주] 제주제트', 'JETSKI', 40000, 0.6, '63543', '제주특별자치도 서귀포시 대포로 172-5', '제주제트', 16, '2023-08-22', '2023-08-28', 50, 'N'),
	(1000029, 'host', '[강원 인제] 곰레포츠ATV', 'ATV', 35000, 0.6, '24640', '강원특별자치도 인제군 인제읍 내린천로 5693', '곰레포츠', 30, '2023-08-22', '2023-08-28', 1, 'N'),
	(1000030, 'host', '[제주 조천] 너도나도ATV', 'ATV', 20000, 0.95, '63346', '제주특별자치도 제주시 조천읍 비자림로 1053', '중앙목장', 128, '2023-08-22', '2023-08-28', 2, 'N'),
	(1000031, 'host', '[안면] 꽃지 ATV', 'ATV', 25000, 0.9, '32166', '충청남도 태안군 안면읍 꽃지2길 35-4', '꽃지카트장', 45, '2023-08-22', '2023-08-28', 2, 'N'),
	(1000032, 'host', '[제주] 새별레져ATV', 'ATV', 30000, 0.8, '63021', '제주특별자치도 제주시 한림읍 평화로 1360-2', '새별레져 ATV', 7, '2023-08-22', '2023-08-28', 2, 'N'),
	(1000033, 'host', '[충북 단양] 패러마을', 'GLIDER', 110000, 0.8, '27021', '충청북도 단양군 가곡면 두산길 196-52', '패러마을', 16, '2023-08-22', '2023-08-28', 2, 'N'),
	(1000034, 'host', '[경기 양평] 패러글라이딩', 'GLIDER', 140000, 0.9, '12505', '경기도 양평군 옥천면 동막길 49', '미래항공스포츠', 8, '2023-08-22', '2023-08-28', 2, 'N'),
	(1000035, 'host', '[강원 평창] 패러글라이딩', 'GLIDER', 95000, 1, '25375', '강원특별자치도 평창군 평창읍 노람들길 209-3', '조나단 패러글라이딩', 8, '2023-08-22', '2023-08-28', 2, 'N'),
	(1000036, 'host', '[충북 단양] 패러이야기', 'GLIDER', 120000, 0.85, '27021', '충청북도 단양군 가곡면 두산길 196-86', '패러이야기', 7, '2023-08-22', '2023-08-28', 2, 'N'),
	(1000037, 'host', '[강원 평창] 대관령 삼양목', 'HORSE', 11000, 1, '25341', '강원특별자치도 평창군 대관령면 꽃밭양지길 708-9', '삼양목장', 8, '2023-08-22', '2023-08-28', 2, 'N'),
	(1000038, 'host', '[제주] 더마파크 승마', 'HORSE', 15000, 0.8, '63017', '제주특별자치도 제주시 한림읍 월림7길 155', '더마파크', 10, '2023-08-22', '2023-08-28', 2, 'N'),
	(1000039, 'host', '[제주] 중문 승마공원', 'HORSE', 25000, 0.95, '63543', '제주특별자치도 서귀포시 이어도로 244', '중문승마공원', 3, '2023-08-22', '2023-08-28', 2, 'N'),
	(1000040, 'host', '[제주 서귀포] 우리승마장', 'HORSE', 12000, 0.5, '63636', '제주특별자치도 서귀포시 성산읍 중산간동로 4517', '우리승마장', 5, '2023-08-22', '2023-08-29', 2, 'N'),
	(1000041, 'eksqjf', '제천 청풍 ATV 제천', 'ATV', 20000, 0.9, '27212', '충청북도 제천시 청풍면 연론로 464-36', '36호실', 3, '2023-08-28', '2023-08-28', 4, 'N'),
	(1000042, 'eksqjf', '가평ATV 서바이벌', 'ATV', 23000, 0.88, '12421', '경기도 가평군 가평읍 가평제방길 5', '35번지', 3, '2023-08-28', '2023-08-28', 6, 'N'),
	(1000043, 'eksqjf', '강원쥬라기 ATV', 'ATV', 22000, 0.89, '24350', '강원특별자치도 춘천시 춘천로 181', '쥬라기로', 4, '2023-08-28', '2023-08-28', 10, 'N'),
	(1000044, 'host', '[부산] 부산요트투어 더요트', 'YACHT', 50000, 0.4, '48090', '부산광역시 해운대구 해운대해변로 84', '수영만요트경기장 본관 1층107호', 3, '2023-08-29', '2023-08-29', 2, 'N'),
	(1000045, 'host', '[부산] 부산 요트가이', 'YACHT', 50000, 0.5, '48090', '부산광역시 해운대구 해운대해변로 84', '3번계류장 맨끝', 1, '2023-08-29', '2023-08-29', 2, 'N'),
	(1000046, 'eksqjf', '꽃지카트장 & ATV', 'ATV', 25000, 0.9299999999999999, '32166', '충청남도 태안군 안면읍 꽃지1길 148-6', '태안', 0, '2023-08-29', '2023-08-29', 4, 'N'),
	(1000047, 'eksqjf', '오름 ATV', 'ATV', 240000, 0.9, '63079', '제주특별자치도 제주시 광이오름길 81', '오름길 14', 2, '2023-08-29', '2023-08-29', 10, 'N'),
	(1000048, 'eksqjf', '제주 오름 승마랜드', 'HORSE', 24000, 0.84, '25717', '강원특별자치도 동해시 등대오름길 19-2', '승마길', 0, '2023-08-29', '2023-08-29', 4, 'N'),
	(1000049, 'eksqjf', '라온 더마파크 승마', 'HORSE', 20000, 0.95, '63599', '제주특별자치도 서귀포시 서리오름로 153', '보목동', 0, '2023-08-29', '2023-08-29', 2, 'N'),
	(1000050, 'eksqjf', '드림레저패러글라이딩', 'GLIDER', 89000, 0.83, '27012', '충청북도 단양군 단양읍 수변로 1', '65', 0, '2023-08-29', '2023-08-29', 10, 'N'),
	(1000051, 'eksqjf', '양평 패러글라이딩', 'GLIDER', 140000, 0.75, '12556', '경기도 양평군 양평읍 양평장터길 15', '양평', 0, '2023-08-29', '2023-08-29', 4, 'N'),
	(1000052, 'host', '율랜드 스쿠버 다이빙 체험', 'SNORKE', 100000, 0.85, '06719', '서울특별시 서초구 반포대로 4', '지하 방울방울', 4, '2023-08-29', '2023-08-29', 20, 'N'),
	(1000053, 'host', '오아후 스쿠버 다이빙 입문', 'SNORKE', 253000, 0.7, '04364', '서울특별시 용산구 원효로53가길 24', '지하 물방물방', 2, '2023-08-29', '2023-08-29', 20, 'N'),
	(1000054, 'host', '중문색달해변 서핑강습', 'SURFING', 60000, 0.8, '63545', '제주특별자치도 서귀포시 중문로 14', '색달해변', 8, '2023-08-29', '2023-08-29', 10, 'Y'),
	(1000055, 'eksqjf', '바구스 서핑스쿨 이호', 'SURFING', 50000, 0.8, '63074', '제주특별자치도 제주시 테우해안로 3', '3', 2, '2023-08-29', '2023-08-29', 5, 'N'),
	(1000058, 'host', 'asdf', 'SNORKE', 10000, 0.95, '06995', '서울특별시 동작구 동작대로39길 39', 'ㅁㄴㅇㄹ', 0, '2023-08-30', '2023-08-30', 1, 'Y'),
	(1000059, 'host', '시연용 레저1', 'SNORKE', 100000, 0.8, '46072', '부산광역시 기장군 기장읍 기장대로 491', '시연레저', 0, '2023-08-30', '2023-08-30', 5, 'Y'),
	(1000060, 'host', '시연 레저', 'SNORKE', 100000, 0.8, '05072', '서울특별시 광진구 아차산로30길 36', '시연 레저', 0, '2023-08-30', '2023-08-30', 10, 'Y'),
	(1000061, 'host', '시연 레저', 'SNORKE', 100000, 0.75, '06995', '서울특별시 동작구 동작대로39길 39', '시연 레저', 0, '2023-08-30', '2023-08-30', 10, 'Y');

-- 테이블 semi.T2_NOTICE_FILE_TBL 구조 내보내기
CREATE TABLE IF NOT EXISTS `T2_NOTICE_FILE_TBL` (
  `FILE_NO` int NOT NULL AUTO_INCREMENT COMMENT '이미지 PK',
  `N_NO` int NOT NULL COMMENT '외래키',
  `FILE_NAME` varchar(100) CHARACTER SET utf8mb4 COLLATE utf8mb4_0900_ai_ci NOT NULL COMMENT '이미지명',
  `FILE_SAVE_NAME` varchar(100) NOT NULL COMMENT '저장된이미지명',
  `FILE_PATH` varchar(300) CHARACTER SET utf8mb4 COLLATE utf8mb4_0900_ai_ci NOT NULL COMMENT '이미지경로',
  `FILE_DATE` date NOT NULL DEFAULT (now()) COMMENT '등록일',
  `MAIN_YN` char(1) CHARACTER SET utf8mb4 COLLATE utf8mb4_0900_ai_ci NOT NULL DEFAULT 'N' COMMENT '메인(썸네일)여부',
  `FILE_DELYN` char(1) CHARACTER SET utf8mb4 COLLATE utf8mb4_0900_ai_ci NOT NULL DEFAULT 'N' COMMENT '삭제YN',
  PRIMARY KEY (`FILE_NO`) USING BTREE
) ENGINE=InnoDB DEFAULT CHARSET=utf8mb4 COLLATE=utf8mb4_0900_ai_ci COMMENT='공지사항파일';

-- 테이블 데이터 semi.T2_NOTICE_FILE_TBL:~0 rows (대략적) 내보내기

-- 테이블 semi.T2_NOTICE_TBL 구조 내보내기
CREATE TABLE IF NOT EXISTS `T2_NOTICE_TBL` (
  `N_NO` int NOT NULL AUTO_INCREMENT COMMENT '공지사항 게시글번호',
  `N_TITLE` varchar(200) CHARACTER SET utf8mb4 COLLATE utf8mb4_0900_ai_ci NOT NULL COMMENT '제목',
  `N_CONTENT` varchar(3000) CHARACTER SET utf8mb4 COLLATE utf8mb4_0900_ai_ci NOT NULL COMMENT '내용',
  `U_ID` varchar(15) CHARACTER SET utf8mb4 COLLATE utf8mb4_0900_ai_ci NOT NULL COMMENT '아이디 (권한은 A)',
  `N_HITS` int NOT NULL DEFAULT '0' COMMENT '조회수',
  `N_KIND_NO` int NOT NULL COMMENT '분류',
  `F_WRITE_TIME` date NOT NULL DEFAULT (now()) COMMENT '글을 수정해도 값 변경 X',
  `F_UPDATE_TIME` date NOT NULL DEFAULT (now()) COMMENT '글 수정시 SYSDATE 로 업데이트 됨',
  PRIMARY KEY (`N_NO`)
) ENGINE=InnoDB AUTO_INCREMENT=200030 DEFAULT CHARSET=utf8mb4 COLLATE=utf8mb4_0900_ai_ci COMMENT='공지사항';

-- 테이블 데이터 semi.T2_NOTICE_TBL:~12 rows (대략적) 내보내기
INSERT INTO `T2_NOTICE_TBL` (`N_NO`, `N_TITLE`, `N_CONTENT`, `U_ID`, `N_HITS`, `N_KIND_NO`, `F_WRITE_TIME`, `F_UPDATE_TIME`) VALUES
	(200016, '조조투어 서비스 이용약관 개정고지', '<p>안녕하세요.&nbsp;조조투어입니다.&nbsp;</p><p>&nbsp;</p><p>저희 조조투어를 이용해 주시는 고객님께 감사 드리며,</p><p>㈜조조투어에 신규서비스가 추가 됨에 따라</p><p>서비스 이용약관이 다음과 같이 최신화 되어 안내 드립니다.&nbsp;</p>', 'admin', 3, 0, '2023-08-28', '2023-08-28'),
	(200017, '개인정보 처리방침 변경 안내', '<p>안녕하세요. ㈜조조투어 입니다.</p><p>항상 저희 조조투어를 이용해 주시는 고객님께 깊은 감사를 드립니다.</p><p>개인정보 활용 변경으로 인한 개인정보 처리방침이 다음과 같이 변경되어 안내드립니다.</p><p>* 변경 적용일인 2023년 8월 13일 전까지 별도 의사표시가 없으신 분은 개인정보 처리방침의 변경사항 적용에 동의하신 것으로 간주됩니다.</p><p>* 개정된 개인정보 처리방침에 동의하지 않으시는 경우, 회원탈퇴를 요청하실 수 있습니다.</p>', 'admin', 5, 0, '2023-08-28', '2023-08-28'),
	(200018, '예약/결제 장애 안내 _ 정상 복구 완료', '<p>안녕하세요. 조조투어 항공입니다.</p><p>&nbsp;</p><p><strong style="color: rgb(255, 0, 0);">조조투어 일부 시스템 장애가 복구되어 정상 이용 가능합니다.</strong></p><p>&nbsp;</p><p>보다 나은 서비스 환경을 구축하기 위하여 최선의 노력을 다하겠습니다.</p><p>감사합니다.</p><p>&nbsp;</p>', 'admin', 8, 0, '2023-08-28', '2023-08-28'),
	(200019, '시스템 점검에 따른 이용제한 안내', '<p>안녕하세요. 조조투어입니다.</p><p><br></p><p>언제나 조조투어를 사랑해주시는 고객님께 진심으로 감사드립니다.</p><p><br></p><p>보다 새롭고 안정적인 서비스 제공을 위해 조조투어 서비스가</p><p>아래 시간동안 일시중단 되오니 이용에 참고 부탁드립니다.&nbsp;</p>', 'admin', 8, 0, '2023-08-28', '2023-08-28'),
	(200020, '상담 지연 안내', '<p>안녕하세요.&nbsp;조조투어&nbsp;입니다.</p><p><br></p><p>&nbsp;현재 여행&nbsp;관련&nbsp;문의가&nbsp;폭주하고&nbsp;있어 전화연결이 어려운점 고객님들의 양해를 구합니다.&nbsp;</p><p><br></p><p>&nbsp;예약하신&nbsp;고객님께서는&nbsp;자주&nbsp;문의하시는&nbsp;질문에&nbsp;대한&nbsp;답변은&nbsp;<strong style="color: rgb(240, 44, 140);">[FAQ 게시판]</strong>&nbsp;참고&nbsp;부탁드리며,</p><p>&nbsp;그&nbsp;외&nbsp;문의는&nbsp;마이페이지&nbsp;내&nbsp;예약&nbsp;정보에<strong style="color: rgb(240, 44, 140);">&nbsp;[1:1&nbsp;문의]</strong>&nbsp;접수&nbsp;부탁드립니다.</p><p><br></p><p>&nbsp;최선을&nbsp;다해&nbsp;응대하여&nbsp;드리겠습니다.&nbsp;</p><p>&nbsp;감사합니다.</p>', 'admin', 31, 0, '2023-08-28', '2023-08-28'),
	(200022, '조조투어Web IE 브라우저 지원 종료 안내', '<p>안녕하세요,조조투어입니다.</p><p>조조투어Web 페이지에 대한 IE 브라우저 지원을 2023년 8월 29일부터 종료하게 되어 안내 드립니다.</p><p>조조투어Web은 크롬 또는 엣지 브라우저를 통해 안전하게 조조투어를 계속 이용하실 수 있습니다.</p><p>IE 브라우저를 사용하시는 고객님께 죄송하다는 말씀드리며, 항상 조조투어를 이용해주셔서 감사드립니다.</p>', 'admin', 0, 0, '2023-08-29', '2023-08-29'),
	(200023, ' 조조투어 차이(CHAI) 간편 결제 수단 서비스 제공 종료', '<p><span style="color: rgb(23, 43, 77);">안녕하세요. </span>&nbsp;조조투어<span style="color: rgb(23, 43, 77);">입니다.&nbsp;</span></p><p><span style="color: rgb(23, 43, 77);">&nbsp;</span></p><p>&nbsp;조조투어를<span style="color: rgb(23, 43, 77);"> 이용해 주시는 고객님께 감사의 말씀을 드립니다.&nbsp;</span></p><p>&nbsp;조조투어<span style="color: rgb(23, 43, 77);">에서 차이(CHAI) 간편 결제 수단 서비스 제공이 종료될 예정입니다.&nbsp;</span></p><p><span style="color: rgb(23, 43, 77);">&nbsp;</span></p><p><strong style="color: rgb(23, 43, 77); background-color: rgb(255, 255, 255);">종료 일시 : 2023-08-29 (월)&nbsp;</strong></p><p><strong style="color: rgb(23, 43, 77); background-color: rgb(255, 255, 255);">종료 내용 : </strong>&nbsp;<strong>조조투어</strong><strong style="color: rgb(23, 43, 77); background-color: rgb(255, 255, 255);">에서 차이(CHAI) 간편 결제 수단으로 결제 불가&nbsp;</strong></p><p><span style="color: rgb(23, 43, 77);">&nbsp;</span></p><p><span style="color: rgb(23, 43, 77);">결제 수단 서비스 제공 종료에 대한 양해 부탁 드리며,</span></p><p><span style="color: rgb(23, 43, 77);">더욱 편리한 서비스와 다양한 혜택을 제공할 수 있도록 최선을 다하겠습니다.&nbsp;</span></p><p><br></p><p><span style="color: rgb(23, 43, 77); background-color: rgb(255, 255, 255);">감사합니다.&nbsp;</span></p><p><br></p>', 'admin', 1, 0, '2023-08-29', '2023-08-29'),
	(200024, '자주 묻는 질문 FAQ 개편 안내', '<p><span style="background-color: rgba(255, 255, 255, 0.1); color: rgb(97, 97, 97);">안녕하세요. 조조투어입니다.</span></p><p><br></p><p><strong style="color: rgb(97, 97, 97); background-color: rgba(255, 255, 255, 0.1);">&lt;자주 묻는 질문 FAQ&gt; </strong><span style="color: rgb(97, 97, 97); background-color: rgba(255, 255, 255, 0.1);">이 개편되어 공지 드립니다.</span></p><p><br></p><p>자주 묻는 질문 FAQ를 통해 궁금하신 사항을 빠르게 해결할 수 있습니다.&nbsp;&nbsp;</p><ul><li><strong>변경 일자 : </strong>2022년 12월 19일&nbsp;</li><li><strong>변경 내용 : </strong>자주 묻는 질문 카테고리 개편&nbsp;</li><li><strong>경로 :</strong> 게시판 &gt; FAQ</li></ul><p><br></p><p><span style="background-color: rgba(255, 255, 255, 0.1); color: rgb(97, 97, 97);">조조투어</span>는 보다 나은 서비스를 제공하기 위해 최선을 다 하겠습니다.</p><p><br></p><p>감사합니다.</p><p><br></p>', 'admin', 0, 0, '2023-08-29', '2023-08-29'),
	(200025, '전자금융거래 이용약관 안내', '<p>안녕하세요, 조조투어입니다.</p><p><br></p><p>2023년 8월 29일자로 조조투어 전자금융 선불 서비스가 신규 런칭함에 따라, 전자금융거래 이용약관이 추가되어 안내드립니다.</p><p><br></p><p>상세 내용은 아래 약관 전문을 통하여 확인 가능하오니 이용에 참고 부탁드립니다.</p><p><br></p><p>- 적용일자: 2023년 8월 29일</p><p>- 전문: 전자금융거래 이용약관 <a href="https://policy.yanolja.com/policy/?t=terms-eft" target="_blank" style="color: blue;">[자세히 보기]</a></p><p><br></p><p>이용약관 동의 후 기존과 동일하게 조조투어 포인트 서비스 이용이 가능하오니, 고객님께서는 새롭게 추가된 이용약관을 확인하시어 이후 서비스 이용에 불편 없으시길 바랍니다.</p><p><br></p><p>감사합니다.</p><p><br></p>', 'admin', 2, 0, '2023-08-29', '2023-08-29'),
	(200026, '조조투어 서비스 정기점검 안내 (08/31 AM 3:00 ~ 07:00)', '<p>안녕하세요. 조조투어입니다.</p><p><br></p><p>더욱 안정적인 서비스 제공을 위한 정기점검을 안내드립니다.&nbsp;</p><p>&nbsp;</p><p><strong>점검일시 안내</strong></p><p>&nbsp;</p><p>▶ 2023년 8월 31일(목) 오전 3:00~7:00 (약 4시간 00분)</p><p>&nbsp;</p><p><strong>점검범위 안내</strong></p><p>&nbsp;</p><p>▶PC웹 조조투어 서비스 전체 사용 불가&nbsp;</p><p>&nbsp;</p><p>서비스 이용에 불편을 드려 죄송합니다.</p><p>&nbsp;</p><p>빠른 점검과 안정된 서비스로 찾아 뵙겠습니다.</p><p>&nbsp;</p><p>감사합니다. ​ ​ ​​&nbsp;</p><p><br></p>', 'admin', 3, 0, '2023-08-29', '2023-08-29'),
	(200027, 'ID 계정 사용 종료 최종 안내', '<p><span style="color: rgb(46, 46, 46); background-color: rgb(255, 255, 255);">안녕하세요, 조조투어입니다.</span></p><p><span style="color: rgb(46, 46, 46); background-color: rgb(255, 255, 255);">일반 ID 계정의 사용 가능 기간이 곧 종료됩니다.</span></p><p><br></p><p><strong style="color: rgb(255, 0, 0); background-color: rgb(255, 255, 255);">2023. 9. 1. 14:00</strong><strong style="color: rgb(46, 46, 46); background-color: rgb(255, 255, 255);"> </strong><span style="color: rgb(46, 46, 46); background-color: rgb(255, 255, 255);">이후에는 일반 ID 계정의 사용이 불가하오니,</span></p><p><span style="color: rgb(46, 46, 46); background-color: rgb(255, 255, 255);">일반 ID 계정의 회원들께서는 원활한 서비스 이용을 위하여</span><strong style="color: rgb(46, 46, 46); background-color: rgb(255, 255, 255);"> </strong><strong style="color: rgb(0, 0, 255); background-color: rgb(255, 255, 255);">2023. 9. 1. 13:59</strong><span style="color: rgb(46, 46, 46); background-color: rgb(255, 255, 255);"> 이내에 이메일 계정으로 가입하여 주시기 바랍니다.</span></p><p><br></p><p><span style="color: rgb(46, 46, 46); background-color: rgb(255, 255, 255);">본 공지와 관련한 문의사항은 </span><span style="color: rgb(46, 46, 46);">조조투어</span><span style="color: rgb(46, 46, 46); background-color: rgb(255, 255, 255);"> 고객센터(</span><span style="color: rgb(245, 245, 245); background-color: rgb(43, 45, 46);">032-521-8889</span><span style="color: rgb(46, 46, 46); background-color: rgb(255, 255, 255);">)로 연락 부탁드립니다.</span></p><p><br></p><p><br></p><p><br></p><p><span style="color: rgb(46, 46, 46); background-color: rgb(255, 255, 255);">감사합니다.</span></p><p><br></p><p><br></p>', 'admin', 4, 0, '2023-08-29', '2023-08-29'),
	(200028, '후기 포인트 적립 정책 변경 안내', '<p>안녕하세요,&nbsp;조조투어&nbsp;입니다.</p><p>조조투어&nbsp;서비스의&nbsp;&lt;후기&nbsp;포인트&gt;&nbsp;정책이&nbsp;아래와&nbsp;같이&nbsp;변경&nbsp;되어 안내&nbsp;드립니다.&nbsp;</p><p>&nbsp;</p><p><strong>변경&nbsp;전</strong></p><p>● 국내&nbsp;숙소&nbsp;카테고리에&nbsp;한하여&nbsp;바른&nbsp;후기&nbsp;작성&nbsp;시,&nbsp;<u>총&nbsp;판매금액의&nbsp;0.5%</u>가&nbsp;‘포인트’ 로&nbsp;적립됩니다.</p><p>&nbsp;</p><p><strong>변경&nbsp;후</strong></p><p>​●&nbsp;국내&nbsp;숙소&nbsp;카테고리에&nbsp;한하여&nbsp;바른&nbsp;후기&nbsp;작성&nbsp;시,&nbsp;<u>총 판매금액의 0.5%</u>에 해당하는 금액만큼 \'야놀자 코인\'(1원=1C)으로 적립됩니다.</p><p><br></p><p>관련&nbsp;사항은&nbsp;고객센터(<span style="background-color: rgb(43, 45, 46); color: rgb(245, 245, 245);">032-521-8889</span>)로&nbsp;문의&nbsp;주시면,&nbsp;친절하게&nbsp;안내&nbsp;드리겠습니다.</p><p>&nbsp;</p><p>항상&nbsp;조조투어&nbsp;서비스에&nbsp;관심을&nbsp;갖고&nbsp;이용해주시는&nbsp;고객님들께&nbsp;진심으로&nbsp;감사드리며,&nbsp;보다&nbsp;나은&nbsp;서비스&nbsp;제공을&nbsp;위해&nbsp;언제나&nbsp;최선을&nbsp;다하는&nbsp;조조투어가&nbsp;되겠습니다.</p><p>&nbsp;</p><p>감사합니다.</p><p><br></p>', 'admin', 18, 0, '2023-08-29', '2023-08-29');

-- 테이블 semi.T2_N_KIND_TBL 구조 내보내기
CREATE TABLE IF NOT EXISTS `T2_N_KIND_TBL` (
  `N_KIND_NO` int NOT NULL COMMENT '게시글 분류 번호',
  `N_KIND_NAME` varchar(50) CHARACTER SET utf8mb4 COLLATE utf8mb4_0900_ai_ci NOT NULL DEFAULT '' COMMENT '분류 이름',
  PRIMARY KEY (`N_KIND_NO`)
) ENGINE=InnoDB DEFAULT CHARSET=utf8mb4 COLLATE=utf8mb4_0900_ai_ci COMMENT='공지사항분류';

-- 테이블 데이터 semi.T2_N_KIND_TBL:~4 rows (대략적) 내보내기
INSERT INTO `T2_N_KIND_TBL` (`N_KIND_NO`, `N_KIND_NAME`) VALUES
	(1, '공지'),
	(2, '안내'),
	(3, '이벤트'),
	(4, '이벤트 발표');

-- 테이블 semi.T2_ORDER_LIST_TBL 구조 내보내기
CREATE TABLE IF NOT EXISTS `T2_ORDER_LIST_TBL` (
  `ORDER_NO` varchar(100) CHARACTER SET utf8mb4 COLLATE utf8mb4_0900_ai_ci NOT NULL COMMENT '주문번호',
  `PRODUCT_KIND` varchar(10) CHARACTER SET utf8mb4 COLLATE utf8mb4_0900_ai_ci NOT NULL COMMENT '상품카테고리분류',
  `PRODUCT_NO` int NOT NULL COMMENT '상품번호',
  `PEOPLE` int DEFAULT NULL COMMENT '예약인원/예약일수',
  `S_RESERVE_DATE` date NOT NULL COMMENT '예약시작날짜',
  `L_RESERVE_DATE` date NOT NULL COMMENT '예약마지막날짜',
  `USE_YNC` char(1) CHARACTER SET utf8mb4 COLLATE utf8mb4_0900_ai_ci NOT NULL DEFAULT 'N' COMMENT '사용상태(Y:사용완,N:사용전,C:취소)',
  `PAYMENT` int NOT NULL COMMENT '결제금액',
  `REQUEST` varchar(100) CHARACTER SET utf8mb4 COLLATE utf8mb4_0900_ai_ci DEFAULT '' COMMENT '요청사항(있으면작성)',
  `REVIEW_YN` char(1) NOT NULL DEFAULT 'N' COMMENT '리뷰작성여부'
) ENGINE=InnoDB DEFAULT CHARSET=utf8mb4 COLLATE=utf8mb4_0900_ai_ci COMMENT='주문번호별 제품 목록';

-- 테이블 데이터 semi.T2_ORDER_LIST_TBL:~21 rows (대략적) 내보내기
INSERT INTO `T2_ORDER_LIST_TBL` (`ORDER_NO`, `PRODUCT_KIND`, `PRODUCT_NO`, `PEOPLE`, `S_RESERVE_DATE`, `L_RESERVE_DATE`, `USE_YNC`, `PAYMENT`, `REQUEST`, `REVIEW_YN`) VALUES
	('JOJO_2023825_1692953703069', 'RENT', 1000075, 3, '2023-08-24', '2023-08-27', 'Y', 198000, '', 'N'),
	('JOJO_2023825_1692953703069', 'LEISURE', 1000025, 1, '2023-08-25', '2023-09-25', 'C', 80000, '레저 조아', 'N'),
	('JOJO_2023825_1692960634866', 'LEISURE', 1000027, 2, '2023-08-25', '2023-09-25', 'Y', 42000, '아이가 있어요', 'N'),
	('JOJO_2023828_1693189524331', 'LEISURE', 1000030, 1, '2023-08-28', '2023-09-28', 'C', 19000, '', 'N'),
	('JOJO_2023828_1693219547162', 'RENT', 1000081, 5, '2023-08-22', '2023-08-27', 'N', 412500, '', 'N'),
	('JOJO_2023828_1693219547162', 'LEISURE', 1000022, 1, '2023-08-26', '2023-09-28', 'Y', 56000, '굿', 'N'),
	('JOJO_2023828_1693219547162', 'LEISURE', 1000015, 2, '2023-08-26', '2023-09-28', 'C', 120000, '', 'N'),
	('JOJO_2023829_1693280075589', 'STAY', 79, 2, '2023-08-30', '2023-09-01', 'C', 170500, '요청', 'N'),
	('JOJO_2023829_1693286730645', 'LEISURE', 1000038, 1, '2023-08-29', '2023-09-29', 'C', 12000, '', 'N'),
	('JOJO_2023829_1693286787669', 'LEISURE', 1000047, 1, '2023-08-29', '2023-09-29', 'Y', 216000, '수정', 'N'),
	('JOJO_2023829_1693290115271', 'STAY', 94, 1, '2023-09-01', '2023-09-02', 'C', 59800, '수정', 'N'),
	('JOJO_2023829_1693290115271', 'RENT', 1000103, 2, '2023-09-02', '2023-09-04', 'C', 825000, '', 'N'),
	('JOJO_2023829_1693290115271', 'LEISURE', 1000034, 2, '2023-08-29', '2023-09-29', 'N', 252000, '', 'N'),
	('JOJO_2023830_1693359715312', 'RENT', 1000099, 1, '2023-08-31', '2023-09-01', 'C', 165000, '내일출발합니다.', 'N'),
	('JOJO_2023830_1693359715312', 'LEISURE', 1000031, 1, '2023-08-30', '2023-09-30', 'C', 22500, '내일출발합니다.', 'N'),
	('JOJO_2023830_1693368082362', 'STAY', 158, 1, '2023-09-09', '2023-09-10', 'N', 50000, '', 'N'),
	('JOJO_2023830_1693374505860', 'LEISURE', 1000052, 1, '2023-08-30', '2023-09-30', 'C', 85000, '내일 출발해요~~', 'N'),
	('JOJO_2023830_1693374581073', 'RENT', 1000080, 1, '2023-09-01', '2023-09-02', 'C', 72750, '요청사항입니다', 'N'),
	('JOJO_2023830_1693374581073', 'LEISURE', 1000013, 2, '2023-08-30', '2023-09-30', 'N', 120000, '', 'N'),
	('JOJO_2023830_1693374581073', 'LEISURE', 1000037, 2, '2023-08-30', '2023-09-30', 'N', 22000, '', 'N'),
	('JOJO_2023830_1693378066163', 'STAY', 110, 1, '2023-09-01', '2023-09-02', 'C', 120000, '결제 됐어요', 'N');

-- 테이블 semi.T2_ORDER_TBL 구조 내보내기
CREATE TABLE IF NOT EXISTS `T2_ORDER_TBL` (
  `ORDER_NO` varchar(100) CHARACTER SET utf8mb4 COLLATE utf8mb4_0900_ai_ci NOT NULL COMMENT '예약번호',
  `U_ID` varchar(15) NOT NULL COMMENT '아이디',
  `U_NAME` varchar(15) CHARACTER SET utf8mb4 COLLATE utf8mb4_0900_ai_ci NOT NULL COMMENT '이름',
  `PHONE` varchar(11) CHARACTER SET utf8mb4 COLLATE utf8mb4_0900_ai_ci NOT NULL COMMENT '핸드폰번호',
  `EMAIL` varchar(30) CHARACTER SET utf8mb4 COLLATE utf8mb4_0900_ai_ci NOT NULL COMMENT '이메일',
  `PAYMENT_DATE` date NOT NULL DEFAULT (now()) COMMENT '결제날짜',
  `USE_POINT` int NOT NULL DEFAULT '0' COMMENT '포인트사용금액',
  PRIMARY KEY (`ORDER_NO`) USING BTREE
) ENGINE=InnoDB DEFAULT CHARSET=utf8mb4 COLLATE=utf8mb4_0900_ai_ci COMMENT='예약완료(주문번호)';

-- 테이블 데이터 semi.T2_ORDER_TBL:~19 rows (대략적) 내보내기
INSERT INTO `T2_ORDER_TBL` (`ORDER_NO`, `U_ID`, `U_NAME`, `PHONE`, `EMAIL`, `PAYMENT_DATE`, `USE_POINT`) VALUES
	('JOJO_2023825_1692946656643', 'qkqh', '이름', '01012341234', 'eks@naver.com', '2023-08-25', 0),
	('JOJO_2023825_1692953703069', '1', '이름', '02212346789', 'test111@naver.com', '2023-08-25', 50000),
	('JOJO_2023825_1692956460473', '1', '이름', '01012346789', 'test1@naver.com', '2023-08-25', 0),
	('JOJO_2023825_1692960634866', '1', '이름', '01012346789', 'test1@naver.com', '2023-08-25', 0),
	('JOJO_2023827_1693144142906', '1', '이름', '01012346789', 'test1@naver.com', '2023-08-27', 0),
	('JOJO_2023828_1693183523894', 'eksqjf', '이승현', '01033933349', 'eksqjf2@naver.com', '2023-08-28', 0),
	('JOJO_2023828_1693189524331', 'eksqjfs', '이승현', '01033933349', 'eksqjfs@naver.com', '2023-08-28', 0),
	('JOJO_2023828_1693219547162', '1', '이름', '0101111111', 'test1@naver.com', '2023-08-28', 0),
	('JOJO_2023829_1693280075589', '1', '이름', '0101111111', 'test1@naver.com', '2023-08-29', 0),
	('JOJO_2023829_1693286730645', 'yerim', '조예림', '01033723175', 'lim997@naver.com', '2023-08-29', 0),
	('JOJO_2023829_1693286787669', 'yerim', '조예림', '01033723175', 'lim997@naver.com', '2023-08-29', 0),
	('JOJO_2023829_1693290115271', 'yerim', '조예림', '01033723175', 'lim997@naver.com', '2023-08-29', 0),
	('JOJO_2023830_1693359715312', 'ekseks', '이승현', '01033933344', 'eksqjf22@naver.com', '2023-08-30', 0),
	('JOJO_2023830_1693368082362', '1', '김온달', '01011111111', 'test1@naver.com', '2023-08-30', 0),
	('JOJO_2023830_1693374265869', 'test08', '박길남', '01088888888', 'test08@qweasd.com', '2023-08-30', 0),
	('JOJO_2023830_1693374505860', 'ekdekd', '이승현', '01033933339', 'eksqjf11@naver.com', '2023-08-30', 0),
	('JOJO_2023830_1693374581073', 'olsang35', '이상엽', '01024817850', 'olsang310@gmail.com', '2023-08-30', 0),
	('JOJO_2023830_1693375414516', 'test08', '박길남', '01088888888', 'test08@qweasd.com', '2023-08-30', 0),
	('JOJO_2023830_1693378066163', 'test02', '이길남', '01022222222', 'test02@qweasd.com', '2023-08-30', 0);

-- 테이블 semi.T2_PACKAGE_APP_TBL 구조 내보내기
CREATE TABLE IF NOT EXISTS `T2_PACKAGE_APP_TBL` (
  `PACKAGE_NO` int NOT NULL AUTO_INCREMENT COMMENT '패키지번호',
  `PACKAGE_NAME` varchar(100) CHARACTER SET utf8mb4 COLLATE utf8mb4_0900_ai_ci NOT NULL COMMENT '패키지 이름',
  `ROOM_NO` int NOT NULL COMMENT '룸번호',
  `RENT_NO` int NOT NULL COMMENT '렌트카번호',
  `LEISURE_NO` int NOT NULL COMMENT '레저번호',
  PRIMARY KEY (`PACKAGE_NO`)
) ENGINE=InnoDB AUTO_INCREMENT=13 DEFAULT CHARSET=utf8mb4 COLLATE=utf8mb4_0900_ai_ci COMMENT='PACKAGE_REQUEST_TBL 에서 허용된 값을 저장하는 테이블';

-- 테이블 데이터 semi.T2_PACKAGE_APP_TBL:~4 rows (대략적) 내보내기
INSERT INTO `T2_PACKAGE_APP_TBL` (`PACKAGE_NO`, `PACKAGE_NAME`, `ROOM_NO`, `RENT_NO`, `LEISURE_NO`) VALUES
	(5, '조조 오픈 기념 패키지', 170, 1000090, 1000030),
	(6, '선착순 이랴이랴 패키지', 145, 1000074, 1000038),
	(7, '조조패키지', 145, 1000104, 1000044),
	(12, '시연용 패키지', 170, 1000082, 1000030);

-- 테이블 semi.T2_PACKAGE_REQUEST_TBL 구조 내보내기
CREATE TABLE IF NOT EXISTS `T2_PACKAGE_REQUEST_TBL` (
  `PRODUCT_KIND` varchar(10) CHARACTER SET utf8mb4 COLLATE utf8mb4_0900_ai_ci NOT NULL COMMENT '상품카테고리분류',
  `PRODUCT_NO` int NOT NULL COMMENT '상품번호',
  `STATE` varchar(3) NOT NULL COMMENT 'A: 허용/ D:보류'
) ENGINE=InnoDB DEFAULT CHARSET=utf8mb4 COLLATE=utf8mb4_0900_ai_ci COMMENT='패키지로 묶이고 싶어하는 제품에 대한 신청목록';

-- 테이블 데이터 semi.T2_PACKAGE_REQUEST_TBL:~21 rows (대략적) 내보내기
INSERT INTO `T2_PACKAGE_REQUEST_TBL` (`PRODUCT_KIND`, `PRODUCT_NO`, `STATE`) VALUES
	('STAY', 81, 'A'),
	('STAY', 170, 'A'),
	('STAY', 89, 'D'),
	('STAY', 88, 'D'),
	('STAY', 145, 'A'),
	('LEISURE', 1000044, 'A'),
	('LEISURE', 1000038, 'D'),
	('LEISURE', 1000016, 'A'),
	('LEISURE', 1000030, 'A'),
	('LEISURE', 1000026, 'D'),
	('RENT', 1000104, 'A'),
	('RENT', 1000093, 'A'),
	('RENT', 1000090, 'D'),
	('RENT', 1000087, 'D'),
	('RENT', 1000082, 'A'),
	('RENT', 1000074, 'D'),
	('STAY', 184, 'A'),
	('LEISURE', 1000056, 'D'),
	('STAY', 185, 'D'),
	('STAY', 80, 'D'),
	('RENT', 1000103, 'D');

-- 테이블 semi.T2_PACKAGE_TBL 구조 내보내기
CREATE TABLE IF NOT EXISTS `T2_PACKAGE_TBL` (
  `PACKAGE_NO` int NOT NULL AUTO_INCREMENT COMMENT '패키지번호',
  `PACKAGE_NAME` varchar(100) NOT NULL COMMENT '패키지이름(제목)',
  `P_PRICE` int NOT NULL DEFAULT (0) COMMENT '패키지금액',
  `P_READ` int NOT NULL DEFAULT '0' COMMENT '조회수',
  `P_INSERT_TIME` date NOT NULL DEFAULT (now()) COMMENT '작성날짜',
  `P_UPDATE_TIME` date NOT NULL DEFAULT (now()) COMMENT '수정날짜',
  `P_DELYN` char(1) CHARACTER SET utf8mb4 COLLATE utf8mb4_0900_ai_ci NOT NULL DEFAULT 'N' COMMENT '삭제YN',
  PRIMARY KEY (`PACKAGE_NO`)
) ENGINE=InnoDB AUTO_INCREMENT=13 DEFAULT CHARSET=utf8mb4 COLLATE=utf8mb4_0900_ai_ci COMMENT='패키지';

-- 테이블 데이터 semi.T2_PACKAGE_TBL:~8 rows (대략적) 내보내기
INSERT INTO `T2_PACKAGE_TBL` (`PACKAGE_NO`, `PACKAGE_NAME`, `P_PRICE`, `P_READ`, `P_INSERT_TIME`, `P_UPDATE_TIME`, `P_DELYN`) VALUES
	(5, '조조 오픈 기념 패키지', 264600, 0, '2023-08-29', '2023-08-29', 'N'),
	(6, '선착순 이랴이랴 패키지', 278000, 0, '2023-08-29', '2023-08-29', 'N'),
	(7, '조조패키지', 370000, 0, '2023-08-29', '2023-08-29', 'N'),
	(8, 'ddd', 373600, 0, '2023-08-29', '2023-08-29', 'N'),
	(9, '시연용 패키지', 364600, 0, '2023-08-30', '2023-08-30', 'N'),
	(10, '시연용 패키지', 310600, 0, '2023-08-30', '2023-08-30', 'N'),
	(11, '시연용 패키지2', 311000, 0, '2023-08-30', '2023-08-30', 'N'),
	(12, '시연용 패키지', 209000, 0, '2023-08-30', '2023-08-30', 'N');

-- 테이블 semi.T2_RENT_CAR_TBL 구조 내보내기
CREATE TABLE IF NOT EXISTS `T2_RENT_CAR_TBL` (
  `RENT_NO` int NOT NULL AUTO_INCREMENT COMMENT '상품번호',
  `U_ID` varchar(15) CHARACTER SET utf8mb4 COLLATE utf8mb4_0900_ai_ci NOT NULL COMMENT '판매자아이디',
  `RENT_NAME` varchar(30) CHARACTER SET utf8mb4 COLLATE utf8mb4_0900_ai_ci NOT NULL COMMENT '상품이름',
  `RENT_KIND` varchar(10) CHARACTER SET utf8mb4 COLLATE utf8mb4_0900_ai_ci NOT NULL COMMENT '차 타입/S:소형차, M:중형차, L:대형차, V:승합차',
  `RENT_PRICE` int NOT NULL DEFAULT (0) COMMENT '렌트 금액',
  `RENT_SALES` double NOT NULL DEFAULT '1' COMMENT '렌트 할인 금액',
  `R_ZIPNO` varchar(5) CHARACTER SET utf8mb4 COLLATE utf8mb4_0900_ai_ci NOT NULL COMMENT '우편번호',
  `R_ADDR` varchar(100) CHARACTER SET utf8mb4 COLLATE utf8mb4_0900_ai_ci NOT NULL COMMENT '렌트카 주소',
  `R_DETAIL_ADDR` varchar(100) CHARACTER SET utf8mb4 COLLATE utf8mb4_0900_ai_ci NOT NULL COMMENT '렌트카 상세주소',
  `R_READ` int NOT NULL DEFAULT '0' COMMENT '조회수',
  `R_INSERT_TIME` date NOT NULL DEFAULT (now()) COMMENT '작성날짜',
  `R_UPDATE_TIME` date NOT NULL DEFAULT (now()) COMMENT '수정날짜',
  `R_RESIDUE` int NOT NULL DEFAULT '1' COMMENT '판매수량',
  `R_DELYN` char(1) CHARACTER SET utf8mb4 COLLATE utf8mb4_0900_ai_ci NOT NULL DEFAULT 'N' COMMENT '삭제YN',
  PRIMARY KEY (`RENT_NO`) USING BTREE
) ENGINE=InnoDB AUTO_INCREMENT=1000116 DEFAULT CHARSET=utf8mb4 COLLATE=utf8mb4_0900_ai_ci COMMENT='렌트카';

-- 테이블 데이터 semi.T2_RENT_CAR_TBL:~35 rows (대략적) 내보내기
INSERT INTO `T2_RENT_CAR_TBL` (`RENT_NO`, `U_ID`, `RENT_NAME`, `RENT_KIND`, `RENT_PRICE`, `RENT_SALES`, `R_ZIPNO`, `R_ADDR`, `R_DETAIL_ADDR`, `R_READ`, `R_INSERT_TIME`, `R_UPDATE_TIME`, `R_RESIDUE`, `R_DELYN`) VALUES
	(1000074, 'host', '모닝', 'SMALL', 88000, 0.75, '21404', '인천광역시 부평구 경원대로 1366', '7층 더조은컴퓨터 아카데미 인천캠퍼스', 158, '2023-08-21', '2023-08-28', 5, 'N'),
	(1000075, 'host', '스파크', 'SMALL', 88000, 0.75, '21404', '인천광역시 부평구 경원대로 1366', '7층 더조은컴퓨터 아카데미 인천캠퍼스', 428, '2023-08-21', '2023-08-28', 5, 'N'),
	(1000080, 'host', '더 뉴 레이', 'SMALL', 97000, 0.75, '21404', '인천광역시 부평구 경원대로 1366', '7층 더조은컴퓨터아카데미 인천캠퍼스', 104, '2023-08-22', '2023-08-28', 2, 'N'),
	(1000081, 'host', '캐스퍼', 'SMALL', 110000, 0.75, '21404', '인천광역시 부평구 경원대로 1366', '7층 더조은컴퓨터아카데미 인천캠퍼스', 18, '2023-08-22', '2023-08-28', 2, 'N'),
	(1000082, 'host', 'ALL NEW K3', 'SMALL', 120000, 0.75, '21404', '인천광역시 부평구 경원대로 1366', '7층 더조은컴퓨터아카데미 인천캠퍼스', 24, '2023-08-22', '2023-08-22', 4, 'N'),
	(1000083, 'host', '아반떼 AD', 'SMALL', 120000, 0.75, '21404', '인천광역시 부평구 경원대로 1366', '7층 더조은컴퓨터아카데미 인천캠퍼스', 21, '2023-08-22', '2023-08-28', 1, 'N'),
	(1000084, 'host', '더 뉴 k3', 'SMALL', 130000, 0.75, '21404', '인천광역시 부평구 경원대로 1366', '7층 더조은컴퓨터아카데미 인천캠퍼스', 14, '2023-08-22', '2023-08-28', 1, 'N'),
	(1000085, 'host', '쏘울 부스터', 'SMALL', 130000, 0.75, '21404', '인천광역시 부평구 경원대로 1366', '7층 더조은컴퓨터아카데미 인천캠퍼스', 20, '2023-08-22', '2023-08-28', 1, 'N'),
	(1000086, 'host', '올 뉴 아반떼', 'SMALL', 130000, 0.75, '21404', '인천광역시 부평구 경원대로 1366', '7층 더조은컴퓨터아카데미 인천캠퍼스', 10, '2023-08-22', '2023-08-28', 1, 'N'),
	(1000087, 'host', 'G70 슈팅브레이크', 'MIDDLE', 230000, 0.65, '21404', '인천광역시 부평구 경원대로 1366', '7층 더조은컴퓨터아카데미 인천캠퍼스', 6, '2023-08-22', '2023-08-28', 22, 'N'),
	(1000088, 'host', 'INTERACTIVE K5', 'MIDDLE', 170000, 0.65, '21404', '인천광역시 부평구 경원대로 1366', '7층 더조은컴퓨터아카데미 인천캠퍼스', 16, '2023-08-22', '2023-08-28', 1, 'N'),
	(1000089, 'host', '쏘나타 DN8', 'MIDDLE', 160000, 0.65, '21404', '인천광역시 부평구 경원대로 1366', '7층 더조은컴퓨터아카데미 인천캠퍼스', 4, '2023-08-22', '2023-08-28', 1, 'N'),
	(1000090, 'host', 'THE NEW G70 2.0', 'MIDDLE', 224000, 0.65, '21404', '인천광역시 부평구 경원대로 1366', '7층 더조은컴퓨터아카데미 인천캠퍼스', 8, '2023-08-22', '2023-08-28', 1, 'N'),
	(1000091, 'host', 'K7 PREMIER', 'MIDDLE', 234000, 0.65, '21404', '인천광역시 부평구 경원대로 1366', '7층 더조은컴퓨터아카데미 인천캠퍼스', 4, '2023-08-22', '2023-08-27', 3, 'N'),
	(1000092, 'host', '더 뉴 그랜저 2.5', 'MIDDLE', 234000, 0.65, '21404', '인천광역시 부평구 경원대로 1366', '7층 더조은컴퓨터아카데미 인천캠퍼스', 3, '2023-08-22', '2023-08-22', 33, 'N'),
	(1000093, 'host', 'K8 2.5', 'MIDDLE', 250000, 0.65, '21404', '인천광역시 부평구 경원대로 1366', '7층 더조은컴퓨터아카데미 인천캠퍼스', 3, '2023-08-22', '2023-08-22', 1, 'N'),
	(1000094, 'host', 'ALL New G80 2.5', 'LARGE', 300000, 0.65, '21404', '인천광역시 부평구 경원대로 1366', '7층 더조은컴퓨터아카데미 인천캠퍼스', 3, '2023-08-22', '2023-08-28', 1, 'N'),
	(1000095, 'host', '제네시스 G80 3.3', 'LARGE', 300000, 0.65, '21404', '인천광역시 부평구 경원대로 1366', '7층 더조은컴퓨터아카데미 인천캠퍼스', 3, '2023-08-22', '2023-08-28', 1, 'N'),
	(1000096, 'host', 'THE K9 3.8', 'LARGE', 380000, 0.65, '21404', '인천광역시 부평구 경원대로 1366', '7층 더조은컴퓨터아카데미 인천캠퍼스', 5, '2023-08-22', '2023-08-22', 1, 'N'),
	(1000097, 'host', 'G90 3.8', 'LARGE', 490000, 0.65, '21404', '인천광역시 부평구 경원대로 1366', '7층 더조은컴퓨터아카데미 인천캠퍼스', 8, '2023-08-22', '2023-08-22', 1, 'N'),
	(1000098, 'host', '더 뉴 카니발 11인승', 'VAN', 220000, 0.75, '21404', '인천광역시 부평구 경원대로 1366', '7층 더조은컴퓨터아카데미 인천캠퍼스', 2, '2023-08-22', '2023-08-28', 1, 'N'),
	(1000099, 'host', '더 뉴 카니발 9인승', 'VAN', 220000, 0.75, '21404', '인천광역시 부평구 경원대로 1366', '7층 더조은컴퓨터아카데미 인천캠퍼스', 9, '2023-08-22', '2023-08-28', 17, 'N'),
	(1000100, 'host', '스타리아 11인승', 'VAN', 230000, 0.75, '21404', '인천광역시 부평구 경원대로 1366', '7층 더조은컴퓨터아카데미 인천캠퍼스', 11, '2023-08-22', '2023-08-28', 1, 'N'),
	(1000101, 'host', '카니발 KA4 9인승', 'VAN', 230000, 0.75, '21404', '인천광역시 부평구 경원대로 1366', '7층 더조은컴퓨터아카데미 인천캠퍼스', 3, '2023-08-22', '2023-08-28', 1, 'N'),
	(1000102, 'host', '카니발 ka4하이리무진7인', 'VAN', 360000, 0.75, '21404', '인천광역시 부평구 경원대로 1366', '7층 더조은컴퓨터아카데미 인천캠퍼스', 8, '2023-08-22', '2023-08-28', 1, 'N'),
	(1000103, 'host', '쏠라티 2.5 15인승', 'VAN', 550000, 0.75, '21404', '인천광역시 부평구 경원대로 1366', '7층 더조은컴퓨터아카데미 인천캠퍼스', 17, '2023-08-22', '2023-08-29', 1, 'N'),
	(1000104, 'host', '더뉴그랜드 스타렉스 12인', 'VAN', 200000, 0.75, '21404', '인천광역시 부평구 경원대로 1366', '7층 더조은컴퓨터아카데미 인천캠퍼스', 13, '2023-08-22', '2023-08-28', 1, 'N'),
	(1000106, 'host', 'tttt', 'SMALL', 100000, 1, '06934', '서울특별시 동작구 등용로4길 58', 'e', 0, '2023-08-29', '2023-08-29', 1, 'Y'),
	(1000107, 'host', '중형차', 'MIDDLE', 300000, 0.9, '21431', '인천광역시 부평구 동수로 66', 'ㅇㅇ', 0, '2023-08-29', '2023-08-29', 2, 'Y'),
	(1000110, 'host', 'sdaf', 'MIDDLE', 20000, 0.9, '06995', '서울특별시 동작구 동작대로39길 39', 'ㅁㄴㅇㄹ', 0, '2023-08-30', '2023-08-30', 1, 'Y'),
	(1000111, 'host', '시연붕붕카', 'MIDDLE', 100000, 0.75, '48092', '부산광역시 해운대구 해운대해변로 140', '시연렌터', 0, '2023-08-30', '2023-08-30', 5, 'Y'),
	(1000112, 'host', 'asdf', 'SMALL', 1233333, 1, '06995', '서울특별시 동작구 동작대로39길 39', 'ㅋㅋㅋ', 0, '2023-08-30', '2023-08-30', 1, 'Y'),
	(1000113, 'host', '시연카', 'LARGE', 120000, 0.75, '05235', '서울특별시 강동구 고덕로 183', '시연카', 0, '2023-08-30', '2023-08-30', 5, 'Y'),
	(1000114, 'host', '1111', 'SMALL', 111111, 1, '06995', '서울특별시 동작구 동작대로39길 39', '서울', 0, '2023-08-30', '2023-08-30', 1, 'Y'),
	(1000115, 'host', '시연카1', 'MIDDLE', 100000, 0.75, '06995', '서울특별시 동작구 동작대로39길 39', '시연 렌트', 0, '2023-08-30', '2023-08-30', 5, 'Y');

-- 테이블 semi.T2_RENT_IMG_TBL 구조 내보내기
CREATE TABLE IF NOT EXISTS `T2_RENT_IMG_TBL` (
  `IMG_NO` int NOT NULL AUTO_INCREMENT COMMENT '이미지 PK',
  `RENT_NO` int NOT NULL COMMENT '외래키',
  `IMG_NAME` varchar(100) CHARACTER SET utf8mb4 COLLATE utf8mb4_0900_ai_ci NOT NULL COMMENT '이미지명',
  `IMG_SAVE_NAME` varchar(100) CHARACTER SET utf8mb4 COLLATE utf8mb4_0900_ai_ci NOT NULL COMMENT '저장된이미지명',
  `IMG_PATH` varchar(300) CHARACTER SET utf8mb4 COLLATE utf8mb4_0900_ai_ci NOT NULL COMMENT '이미지경로',
  `IMG_DATE` date NOT NULL DEFAULT (now()),
  `MAIN_YN` char(1) CHARACTER SET utf8mb4 COLLATE utf8mb4_0900_ai_ci NOT NULL DEFAULT 'N' COMMENT '메인(썸네일)여부',
  `IMG_DELYN` char(1) CHARACTER SET utf8mb4 COLLATE utf8mb4_0900_ai_ci NOT NULL DEFAULT 'N' COMMENT '삭제YN',
  PRIMARY KEY (`IMG_NO`)
) ENGINE=InnoDB AUTO_INCREMENT=157 DEFAULT CHARSET=utf8mb4 COLLATE=utf8mb4_0900_ai_ci COMMENT='렌트카이미지';

-- 테이블 데이터 semi.T2_RENT_IMG_TBL:~82 rows (대략적) 내보내기
INSERT INTO `T2_RENT_IMG_TBL` (`IMG_NO`, `RENT_NO`, `IMG_NAME`, `IMG_SAVE_NAME`, `IMG_PATH`, `IMG_DATE`, `MAIN_YN`, `IMG_DELYN`) VALUES
	(73, 1000074, 'morning.jpg', '20237289421693183324910.jpg', '../img/rentCar/20237289421693183324910.jpg', '2023-08-28', 'N', 'N'),
	(74, 1000074, '모닝.jpg', '2023721381692598098313.jpg', '../img/rentCar/2023721381692598098313.jpg', '2023-08-21', 'Y', 'N'),
	(75, 1000075, '스파크.jpg', '20237213571692601042235.jpg', '../img/rentCar/20237213571692601042235.jpg', '2023-08-21', 'Y', 'N'),
	(76, 1000075, 'spark.jpg', '20237289421693183342654.jpg', '../img/rentCar/20237289421693183342654.jpg', '2023-08-28', 'N', 'N'),
	(77, 1000076, 'join_up.png', '2023721571692605228300.png', '../img/rentCar/2023721571692605228300.png', '2023-08-21', 'Y', 'N'),
	(78, 1000076, 'join_user.png', '2023721571692605228300.png', '../img/rentCar/2023721571692605228300.png', '2023-08-21', 'N', 'N'),
	(79, 1000077, 'join_down.png', '20237215371692607068199.png', '../img/rentCar/20237215371692607068199.png', '2023-08-21', 'N', 'N'),
	(80, 1000077, '202371705230422.png', '20237215371692607068204.png', '../img/rentCar/20237215371692607068204.png', '2023-08-21', 'Y', 'N'),
	(81, 1000078, 'join_host.png', '20237216331692610429940.png', '../img/rentCar/20237216331692610429940.png', '2023-08-21', 'Y', 'N'),
	(82, 1000078, 'join_host.png', '20237216331692610429941.png', '../img/rentCar/20237216331692610429941.png', '2023-08-21', 'N', 'N'),
	(83, 1000079, 'Untitled.png', '202372210211692667315567.png', '../img/rentCar/202372210211692667315567.png', '2023-08-22', 'Y', 'Y'),
	(84, 1000079, 'Untitled.png', '202372210211692667315574.png', '../img/rentCar/202372210211692667315574.png', '2023-08-22', 'N', 'Y'),
	(85, 1000080, 'ray.jpg', '20237289421693183361105.jpg', '../img/rentCar/20237289421693183361105.jpg', '2023-08-28', 'N', 'N'),
	(86, 1000080, '더 뉴 레이.jpg', '20237220161692674219826.jpg', '../img/rentCar/20237220161692674219826.jpg', '2023-08-22', 'Y', 'N'),
	(87, 1000081, '캐스퍼.jpg', '20237220181692674298271.jpg', '../img/rentCar/20237220181692674298271.jpg', '2023-08-22', 'Y', 'N'),
	(88, 1000081, 'ray.jpg', '20237289421693183376499.jpg', '../img/rentCar/20237289421693183376499.jpg', '2023-08-28', 'N', 'N'),
	(89, 1000082, '올 뉴 k3.jpg', '20237220551692676549879.jpg', '../img/rentCar/20237220551692676549879.jpg', '2023-08-22', 'Y', 'N'),
	(90, 1000082, '올 뉴 k3 2.jpg', '20237220551692676556980.jpg', '../img/rentCar/20237220551692676556980.jpg', '2023-08-22', 'N', 'N'),
	(91, 1000083, 'avante.jpg', '20237289541693184043594.jpg', '../img/rentCar/20237289541693184043594.jpg', '2023-08-28', 'N', 'N'),
	(92, 1000083, '아반떼 AD.jpg', '20237220211692674504952.jpg', '../img/rentCar/20237220211692674504952.jpg', '2023-08-22', 'Y', 'N'),
	(93, 1000084, '더 뉴 k3.JPG', '20237220221692674550774.JPG', '../img/rentCar/20237220221692674550774.JPG', '2023-08-22', 'Y', 'N'),
	(94, 1000084, 'k5.jpg', '20237289541693184095341.jpg', '../img/rentCar/20237289541693184095341.jpg', '2023-08-28', 'N', 'N'),
	(95, 1000085, 'ray.jpg', '20237289431693183403095.jpg', '../img/rentCar/20237289431693183403095.jpg', '2023-08-28', 'N', 'N'),
	(96, 1000085, '쏘울 부스터.jpg', '20237220231692674580146.jpg', '../img/rentCar/20237220231692674580146.jpg', '2023-08-22', 'Y', 'N'),
	(97, 1000086, '올 뉴 아반떼.jpg', '20237220231692674609578.jpg', '../img/rentCar/20237220231692674609578.jpg', '2023-08-22', 'Y', 'N'),
	(98, 1000086, 'avante.jpg', '20237289541693184075707.jpg', '../img/rentCar/20237289541693184075707.jpg', '2023-08-28', 'N', 'N'),
	(99, 1000087, 'G70 Shooting Brake.jpg', '20237220241692674678372.jpg', '../img/rentCar/20237220241692674678372.jpg', '2023-08-22', 'Y', 'N'),
	(100, 1000087, 'g70.jpg', '20237289441693183455198.jpg', '../img/rentCar/20237289441693183455198.jpg', '2023-08-28', 'N', 'N'),
	(101, 1000088, 'INTERACTIVE K5.JPG', '20237220261692674809113.JPG', '../img/rentCar/20237220261692674809113.JPG', '2023-08-22', 'Y', 'N'),
	(102, 1000088, 'k5.jpg', '20237289441693183468974.jpg', '../img/rentCar/20237289441693183468974.jpg', '2023-08-28', 'N', 'N'),
	(103, 1000089, '쏘나타 DN8.jpg', '20237220281692674921553.jpg', '../img/rentCar/20237220281692674921553.jpg', '2023-08-22', 'Y', 'N'),
	(104, 1000089, 'sonata.jpg', '20237289441693183481759.jpg', '../img/rentCar/20237289441693183481759.jpg', '2023-08-28', 'N', 'N'),
	(105, 1000090, 'THE NEW G70 2.0.JPG', '20237220301692675039476.JPG', '../img/rentCar/20237220301692675039476.JPG', '2023-08-22', 'Y', 'N'),
	(106, 1000090, 'g70.jpg', '20237289441693183494181.jpg', '../img/rentCar/20237289441693183494181.jpg', '2023-08-28', 'N', 'N'),
	(107, 1000091, 'g70.jpg', '202372711491693147786670.jpg', '../img/rentCar/202372711491693147786670.jpg', '2023-08-27', 'N', 'N'),
	(108, 1000091, 'k7 premier 2.5.jpg', '20237220311692675085766.jpg', '../img/rentCar/20237220311692675085766.jpg', '2023-08-22', 'Y', 'N'),
	(109, 1000092, '더 뉴 그랜저2.5.jpg', '20237220321692675155733.jpg', '../img/rentCar/20237220321692675155733.jpg', '2023-08-22', 'Y', 'N'),
	(110, 1000092, '더 뉴 그랜저2.5 2.jpg', '20237220321692675125557.jpg', '../img/rentCar/20237220321692675125557.jpg', '2023-08-22', 'N', 'N'),
	(111, 1000093, 'k8 2.5.jpg', '20237220551692676511355.jpg', '../img/rentCar/20237220551692676511355.jpg', '2023-08-22', 'Y', 'N'),
	(112, 1000093, 'K8 2.5 2.JPG', '20237220551692676519034.JPG', '../img/rentCar/20237220551692676519034.JPG', '2023-08-22', 'N', 'N'),
	(113, 1000094, 'ALL NEW G80 2.5.JPG', '20237220351692675302441.JPG', '../img/rentCar/20237220351692675302441.JPG', '2023-08-22', 'Y', 'N'),
	(114, 1000094, 'g80.jpg', '20237289451693183519776.jpg', '../img/rentCar/20237289451693183519776.jpg', '2023-08-28', 'N', 'N'),
	(115, 1000095, 'g80.jpg', '20237289451693183537206.jpg', '../img/rentCar/20237289451693183537206.jpg', '2023-08-28', 'N', 'N'),
	(116, 1000095, '제네시스 G80 3.3 .JPG', '20237220531692676426619.JPG', '../img/rentCar/20237220531692676426619.JPG', '2023-08-22', 'Y', 'N'),
	(117, 1000096, 'THE K9 3.8 2.JPG', '20237220531692676413450.JPG', '../img/rentCar/20237220531692676413450.JPG', '2023-08-22', 'N', 'N'),
	(118, 1000096, 'THE K9 3.8 .JPG', '20237220391692675546256.JPG', '../img/rentCar/20237220391692675546256.JPG', '2023-08-22', 'Y', 'N'),
	(119, 1000097, 'G90 3.8 2.JPG', '20237220531692676397738.JPG', '../img/rentCar/20237220531692676397738.JPG', '2023-08-22', 'N', 'N'),
	(120, 1000097, 'G90 3.8 .JPG', '20237220531692676383159.JPG', '../img/rentCar/20237220531692676383159.JPG', '2023-08-22', 'Y', 'N'),
	(121, 1000098, '더 뉴 카니발 11인승.JPG', '20237220441692675876740.JPG', '../img/rentCar/20237220441692675876740.JPG', '2023-08-22', 'Y', 'N'),
	(122, 1000098, 'carnival.jpg', '20237289451693183553478.jpg', '../img/rentCar/20237289451693183553478.jpg', '2023-08-28', 'N', 'N'),
	(123, 1000099, 'carnival.jpg', '20237289461693183565173.jpg', '../img/rentCar/20237289461693183565173.jpg', '2023-08-28', 'N', 'N'),
	(124, 1000099, '더 뉴 카니발 9인승.JPG', '20237220451692675938988.JPG', '../img/rentCar/20237220451692675938988.JPG', '2023-08-22', 'Y', 'N'),
	(125, 1000100, '스타리아 11인승.JPG', '20237220461692675981073.JPG', '../img/rentCar/20237220461692675981073.JPG', '2023-08-22', 'Y', 'N'),
	(126, 1000100, 'staria.jpg', '20237289461693183577072.jpg', '../img/rentCar/20237289461693183577072.jpg', '2023-08-28', 'N', 'N'),
	(127, 1000101, '카니발 KA4 9인승.JPG', '20237220541692676484552.JPG', '../img/rentCar/20237220541692676484552.JPG', '2023-08-22', 'Y', 'N'),
	(128, 1000101, 'carnival.jpg', '20237289461693183590857.jpg', '../img/rentCar/20237289461693183590857.jpg', '2023-08-28', 'N', 'N'),
	(129, 1000102, 'carnival.jpg', '20237289461693183601654.jpg', '../img/rentCar/20237289461693183601654.jpg', '2023-08-28', 'N', 'N'),
	(130, 1000102, '카니발 KA4 하이리무진 7인승.JPG', '20237220521692676342457.JPG', '../img/rentCar/20237220521692676342457.JPG', '2023-08-22', 'Y', 'N'),
	(131, 1000103, 'INTERACTIVE K5.JPG', '20237292551693288504945.JPG', '../img/rentCar/20237292551693288504945.JPG', '2023-08-29', 'Y', 'N'),
	(132, 1000103, 'staria.jpg', '20237289471693183628711.jpg', '../img/rentCar/20237289471693183628711.jpg', '2023-08-28', 'N', 'N'),
	(133, 1000104, '더 뉴 그랜드 스타렉스 12인승.JPG', '20237220511692676312323.JPG', '../img/rentCar/20237220511692676312323.JPG', '2023-08-22', 'Y', 'N'),
	(134, 1000104, 'staria.jpg', '20237289461693183615974.jpg', '../img/rentCar/20237289461693183615974.jpg', '2023-08-28', 'N', 'N'),
	(137, 1000106, 'INTERACTIVE K5.JPG', '20237292521693288351963.JPG', '../img/rentCar/20237292521693288351963.JPG', '2023-08-29', 'Y', 'Y'),
	(138, 1000106, 'test.jpg', '20237292521693288351963.jpg', '../img/rentCar/20237292521693288351963.jpg', '2023-08-29', 'N', 'Y'),
	(139, 1000107, 'INTERACTIVE K5.JPG', '20237293271693290435382.JPG', '../img/rentCar/20237293271693290435382.JPG', '2023-08-29', 'Y', 'Y'),
	(140, 1000107, 'test.jpg', '20237293261693290391174.jpg', '../img/rentCar/20237293261693290391174.jpg', '2023-08-29', 'N', 'Y'),
	(141, 1000108, 'pension13.jpg', '202373010351693359317989.jpg', '../img/rentCar/202373010351693359317989.jpg', '2023-08-30', 'Y', 'N'),
	(142, 1000108, '59b8f2e3242cb.jpg', '202373010351693359317989.jpg', '../img/rentCar/202373010351693359317989.jpg', '2023-08-30', 'N', 'N'),
	(143, 1000109, 'pension5.jpg', '202373010541693360477250.jpg', '../img/rentCar/202373010541693360477250.jpg', '2023-08-30', 'N', 'N'),
	(144, 1000109, 'pension4.jpg', '202373010541693360477250.jpg', '../img/rentCar/202373010541693360477250.jpg', '2023-08-30', 'Y', 'N'),
	(145, 1000110, 'snoc3.jpg', '2023730471693379256342.jpg', '../img/rentCar/2023730471693379256342.jpg', '2023-08-30', 'Y', 'Y'),
	(146, 1000110, 'yacht0.jpg', '2023730471693379256342.jpg', '../img/rentCar/2023730471693379256342.jpg', '2023-08-30', 'N', 'Y'),
	(147, 1000111, 'recterCar.jpg', '2023730581693382890146.jpg', '../img/rentCar/2023730581693382890146.jpg', '2023-08-30', 'Y', 'Y'),
	(148, 1000111, 'rentCar_view.jpg', '2023730581693382911737.jpg', '../img/rentCar/2023730581693382911737.jpg', '2023-08-30', 'N', 'Y'),
	(149, 1000112, '더 뉴 레이4.jpg', '20237305131693383233116.jpg', '../img/rentCar/20237305131693383233116.jpg', '2023-08-30', 'Y', 'Y'),
	(150, 1000112, 'ray.jpg', '20237305131693383233116.jpg', '../img/rentCar/20237305131693383233116.jpg', '2023-08-30', 'N', 'Y'),
	(151, 1000113, 'rentCar_view.jpg', '20237305251693383912073.jpg', '../img/rentCar/20237305251693383912073.jpg', '2023-08-30', 'N', 'Y'),
	(152, 1000113, 'recterCar.jpg', '20237305251693383912073.jpg', '../img/rentCar/20237305251693383912073.jpg', '2023-08-30', 'Y', 'Y'),
	(153, 1000114, '더 뉴 레이4.jpg', '20237305431693385016944.jpg', '../img/rentCar/20237305431693385016944.jpg', '2023-08-30', 'Y', 'Y'),
	(154, 1000114, '더 뉴 레이3.jpg', '20237305441693385043736.jpg', '../img/rentCar/20237305441693385043736.jpg', '2023-08-30', 'N', 'Y'),
	(155, 1000115, 'rentCar_view.jpg', '20237305471693385259905.jpg', '../img/rentCar/20237305471693385259905.jpg', '2023-08-30', 'N', 'Y'),
	(156, 1000115, 'recterCar.jpg', '20237305471693385244518.jpg', '../img/rentCar/20237305471693385244518.jpg', '2023-08-30', 'Y', 'Y');

-- 테이블 semi.T2_REVIEW_IMG_TBL 구조 내보내기
CREATE TABLE IF NOT EXISTS `T2_REVIEW_IMG_TBL` (
  `IMG_NO` int NOT NULL AUTO_INCREMENT COMMENT '이미지 PK',
  `R_NO` int NOT NULL COMMENT '외래키',
  `IMG_NAME` varchar(100) CHARACTER SET utf8mb4 COLLATE utf8mb4_0900_ai_ci NOT NULL COMMENT '이미지명',
  `IMG_SAVE_NAME` varchar(100) CHARACTER SET utf8mb4 COLLATE utf8mb4_0900_ai_ci NOT NULL COMMENT '저장된이미지명',
  `IMG_PATH` varchar(300) CHARACTER SET utf8mb4 COLLATE utf8mb4_0900_ai_ci NOT NULL COMMENT '이미지경로',
  `IMG_DATE` date NOT NULL DEFAULT (now()),
  `MAIN_YN` char(1) CHARACTER SET utf8mb4 COLLATE utf8mb4_0900_ai_ci NOT NULL DEFAULT 'N' COMMENT '메인(썸네일)여부',
  `IMG_DELYN` char(1) CHARACTER SET utf8mb4 COLLATE utf8mb4_0900_ai_ci NOT NULL DEFAULT 'N' COMMENT '삭제YN',
  PRIMARY KEY (`IMG_NO`)
) ENGINE=InnoDB AUTO_INCREMENT=2 DEFAULT CHARSET=utf8mb4 COLLATE=utf8mb4_0900_ai_ci COMMENT='리뷰이미지';

-- 테이블 데이터 semi.T2_REVIEW_IMG_TBL:~1 rows (대략적) 내보내기
INSERT INTO `T2_REVIEW_IMG_TBL` (`IMG_NO`, `R_NO`, `IMG_NAME`, `IMG_SAVE_NAME`, `IMG_PATH`, `IMG_DATE`, `MAIN_YN`, `IMG_DELYN`) VALUES
	(1, 1, 'IMG_NAME', 'IMG_SAVE_NAME', 'IMG_PATH', '2023-08-25', 'N', 'N');

-- 테이블 semi.T2_REVIEW_TBL 구조 내보내기
CREATE TABLE IF NOT EXISTS `T2_REVIEW_TBL` (
  `R_NO` int NOT NULL AUTO_INCREMENT COMMENT '후기PK',
  `U_ID` varchar(15) NOT NULL COMMENT '아이디',
  `ORDER_NO` varchar(50) CHARACTER SET utf8mb4 COLLATE utf8mb4_0900_ai_ci NOT NULL COMMENT '예약번호',
  `R_TITLE` varchar(100) CHARACTER SET utf8mb4 COLLATE utf8mb4_0900_ai_ci NOT NULL COMMENT '제목',
  `R_CONTENT` varchar(1000) CHARACTER SET utf8mb4 COLLATE utf8mb4_0900_ai_ci NOT NULL COMMENT '내용',
  `R_HITS` int NOT NULL DEFAULT '0' COMMENT '조회수',
  `R_WRITE_TIME` date NOT NULL DEFAULT (now()) COMMENT '작성날짜',
  `R_UPDATE_TIME` date NOT NULL DEFAULT (now()) COMMENT '수정날짜',
  `R_STAR` int NOT NULL DEFAULT '5' COMMENT '별점(1~5)',
  `RECOMMEND` int NOT NULL DEFAULT '0' COMMENT '추천수',
  `DELYN` char(1) CHARACTER SET utf8mb4 COLLATE utf8mb4_0900_ai_ci NOT NULL DEFAULT 'N' COMMENT '삭제YN',
  `NOTIFY_CNT` int NOT NULL DEFAULT '0' COMMENT '신고횟수',
  PRIMARY KEY (`R_NO`)
) ENGINE=InnoDB AUTO_INCREMENT=15 DEFAULT CHARSET=utf8mb4 COLLATE=utf8mb4_0900_ai_ci COMMENT='후기게시판';

-- 테이블 데이터 semi.T2_REVIEW_TBL:~14 rows (대략적) 내보내기
INSERT INTO `T2_REVIEW_TBL` (`R_NO`, `U_ID`, `ORDER_NO`, `R_TITLE`, `R_CONTENT`, `R_HITS`, `R_WRITE_TIME`, `R_UPDATE_TIME`, `R_STAR`, `RECOMMEND`, `DELYN`, `NOTIFY_CNT`) VALUES
	(1, 'eksqjf', '1', 'zaaaz', '<p>zzz655hggfdsaf</p>', 4, '2023-08-13', '2023-08-25', 5, 3, 'N', 0),
	(2, 'eksqjf', '2', '제목', '내용', 0, '2022-12-11', '2023-12-11', 5, 0, 'N', 0),
	(3, 'eksqjf', '3', '3', '3', 1, '2023-08-25', '2023-08-25', 3, 0, 'N', 0),
	(4, 'eksqjf', '1', '3', '3', 1, '2023-08-25', '2023-08-25', 3, 0, 'N', 0),
	(5, 'eksqjf', '1', '33', '33', 1, '2023-08-25', '2023-08-25', 3, 0, 'N', 0),
	(6, 'eksqjf', '1', '1', '1', 1, '2023-08-25', '2023-08-25', 1, 0, 'N', 0),
	(7, 'eksqjf', '1', '1', '3', 2, '2023-08-25', '2023-08-25', 2, 0, 'N', 0),
	(8, 'eksqjf', '1', 'zzz', 'zzz', 0, '2023-08-26', '2023-08-26', 1, 0, 'N', 0),
	(9, 'qkqh', '1', '1', '1', 0, '2023-08-26', '2023-08-26', 1, 0, 'N', 0),
	(10, 'qkqh', '1', '3321', '321', 1, '2023-08-26', '2023-08-26', 4, 0, 'N', 0),
	(11, 'qkqh', '1', '22', '<p>22zzz</p>', 11, '2023-08-26', '2023-08-26', 2, 0, 'N', 0),
	(12, 'qkqh', '1', '1', '<p>sadd</p>', 6, '2023-08-26', '2023-08-26', 3, 0, 'N', 0),
	(13, 'qkqh', '1', 'swddsa211', 'asds', 8, '2023-08-26', '2023-08-26', 5, 0, 'N', 0),
	(14, 'qkqh', '1', '1zzzz', '<p>1zzzz</p>', 6, '2023-08-26', '2023-08-26', 5, 0, 'N', 0);

-- 테이블 semi.T2_ROOM_IMG_TBL 구조 내보내기
CREATE TABLE IF NOT EXISTS `T2_ROOM_IMG_TBL` (
  `IMG_NO` int NOT NULL AUTO_INCREMENT COMMENT '이미지 PK',
  `ROOM_NO` int NOT NULL COMMENT '외래키',
  `IMG_NAME` varchar(100) CHARACTER SET utf8mb4 COLLATE utf8mb4_0900_ai_ci NOT NULL COMMENT '이미지명',
  `IMG_SAVE_NAME` varchar(100) CHARACTER SET utf8mb4 COLLATE utf8mb4_0900_ai_ci NOT NULL COMMENT '저장된이미지명',
  `IMG_PATH` varchar(300) CHARACTER SET utf8mb4 COLLATE utf8mb4_0900_ai_ci NOT NULL COMMENT '이미지경로',
  `IMG_DATE` date NOT NULL DEFAULT (now()),
  `IMG_DELYN` char(1) CHARACTER SET utf8mb4 COLLATE utf8mb4_0900_ai_ci NOT NULL DEFAULT 'N' COMMENT '삭제YN',
  PRIMARY KEY (`IMG_NO`)
) ENGINE=InnoDB AUTO_INCREMENT=126 DEFAULT CHARSET=utf8mb4 COLLATE=utf8mb4_0900_ai_ci COMMENT='룸이미지';

-- 테이블 데이터 semi.T2_ROOM_IMG_TBL:~104 rows (대략적) 내보내기
INSERT INTO `T2_ROOM_IMG_TBL` (`IMG_NO`, `ROOM_NO`, `IMG_NAME`, `IMG_SAVE_NAME`, `IMG_PATH`, `IMG_DATE`, `IMG_DELYN`) VALUES
	(11, 74, '스위트룸.jpg', '20237254472042.jpg', '../img/room/20237254472042.jpg', '2023-08-25', 'N'),
	(13, 76, 'room2.jpg', '202372812846502.jpg', '../img/room/202372812846502.jpg', '2023-08-28', 'N'),
	(14, 77, 'room4.jpg', '202372894628979.jpg', '../img/room/202372894628979.jpg', '2023-08-28', 'N'),
	(15, 78, 'room3.jpg', '202372810559900.jpg', '../img/room/202372810559900.jpg', '2023-08-28', 'N'),
	(16, 79, 'room5.jpg', '20237282319992.jpg', '../img/room/20237282319992.jpg', '2023-08-28', 'N'),
	(17, 80, 'C_ROOM.jpg', '20237297537470.jpg', '../img/room/20237297537470.jpg', '2023-08-29', 'N'),
	(18, 81, '카라반.jpg', '2023729772237.jpg', '../img/room/2023729772237.jpg', '2023-08-29', 'N'),
	(19, 82, '글램핑B.jpg', '20237297756545.jpg', '../img/room/20237297756545.jpg', '2023-08-29', 'N'),
	(20, 83, '캠핑4.jpg', '2023729797133.jpg', '../img/room/2023729797133.jpg', '2023-08-29', 'N'),
	(21, 84, '캠핑룸.jpg', '20237297106958.jpg', '../img/room/20237297106958.jpg', '2023-08-29', 'N'),
	(22, 85, '글램 2.jpg', '20237297117169.jpg', '../img/room/20237297117169.jpg', '2023-08-29', 'N'),
	(23, 86, '글램 ㅎ.jpg', '202372971231168.jpg', '../img/room/202372971231168.jpg', '2023-08-29', 'N'),
	(24, 87, '카라바나.jpg', '202372971322141.jpg', '../img/room/202372971322141.jpg', '2023-08-29', 'N'),
	(25, 88, '캠핑룸.jpg', '202372971414874.jpg', '../img/room/202372971414874.jpg', '2023-08-29', 'N'),
	(26, 89, 'C_ROOM.jpg', '202372971457740.jpg', '../img/room/202372971457740.jpg', '2023-08-29', 'N'),
	(27, 90, '글램 ㅎ.jpg', '20237297152857.jpg', '../img/room/20237297152857.jpg', '2023-08-29', 'N'),
	(28, 91, '모텔룸.jpg', '20237297163323.jpg', '../img/room/20237297163323.jpg', '2023-08-29', 'N'),
	(29, 92, '모텔룸2.jpg', '20237297176502.jpg', '../img/room/20237297176502.jpg', '2023-08-29', 'N'),
	(30, 93, '모텔룸3.jpg', '202372971736990.jpg', '../img/room/202372971736990.jpg', '2023-08-29', 'N'),
	(31, 94, '모텔룸5.jpg', '202372971842522.jpg', '../img/room/202372971842522.jpg', '2023-08-29', 'N'),
	(32, 95, '모텔룸4.jpg', '202372971917968.jpg', '../img/room/202372971917968.jpg', '2023-08-29', 'N'),
	(33, 96, '모텔룸6.jpg', '202372972010573.jpg', '../img/room/202372972010573.jpg', '2023-08-29', 'N'),
	(34, 97, '모텔룸3.jpg', '2023729104746854.jpg', '../img/room/2023729104746854.jpg', '2023-08-29', 'N'),
	(35, 98, '모텔룸2.jpg', '2023729104811301.jpg', '../img/room/2023729104811301.jpg', '2023-08-29', 'N'),
	(36, 99, '모텔룸2.jpg', '2023729104827232.jpg', '../img/room/2023729104827232.jpg', '2023-08-29', 'N'),
	(37, 100, 'motel1.jpg', '20237291049164.jpg', '../img/room/20237291049164.jpg', '2023-08-29', 'N'),
	(38, 101, '모텔룸3.jpg', '2023729105313983.jpg', '../img/room/2023729105313983.jpg', '2023-08-29', 'N'),
	(39, 102, '모텔룸3.jpg', '202372910534127.jpg', '../img/room/202372910534127.jpg', '2023-08-29', 'N'),
	(40, 103, '모텔룸5.jpg', '2023729105414628.jpg', '../img/room/2023729105414628.jpg', '2023-08-29', 'N'),
	(41, 104, '모텔룸6.jpg', '2023729105431793.jpg', '../img/room/2023729105431793.jpg', '2023-08-29', 'N'),
	(42, 105, 'room1.jpg', '2023729105646102.jpg', '../img/room/2023729105646102.jpg', '2023-08-29', 'N'),
	(43, 106, 'room2.jpg', '20237291057627.jpg', '../img/room/20237291057627.jpg', '2023-08-29', 'N'),
	(44, 107, '모텔룸3.jpg', '2023729105739101.jpg', '../img/room/2023729105739101.jpg', '2023-08-29', 'N'),
	(45, 108, '모텔룸3.jpg', '2023729105754486.jpg', '../img/room/2023729105754486.jpg', '2023-08-29', 'N'),
	(46, 109, 'motel1.jpg', '2023729105857348.jpg', '../img/room/2023729105857348.jpg', '2023-08-29', 'N'),
	(47, 110, '모텔룸2.jpg', '20237291121264.jpg', '../img/room/20237291121264.jpg', '2023-08-29', 'N'),
	(48, 111, '모텔룸2.jpg', '202372911211355.jpg', '../img/room/202372911211355.jpg', '2023-08-29', 'N'),
	(49, 112, '모텔룸2.jpg', '202372911220842.jpg', '../img/room/202372911220842.jpg', '2023-08-29', 'N'),
	(50, 113, '모텔룸2.jpg', '202372911231487.jpg', '../img/room/202372911231487.jpg', '2023-08-29', 'N'),
	(51, 114, '모텔룸2.jpg', '202372911239580.jpg', '../img/room/202372911239580.jpg', '2023-08-29', 'N'),
	(52, 115, 'room2.jpg', '202372911445820.jpg', '../img/room/202372911445820.jpg', '2023-08-29', 'N'),
	(53, 116, 'room2.jpg', '202372911456825.jpg', '../img/room/202372911456825.jpg', '2023-08-29', 'N'),
	(54, 117, '모텔룸3.jpg', '20237291151812.jpg', '../img/room/20237291151812.jpg', '2023-08-29', 'N'),
	(55, 118, '모텔룸3.jpg', '202372911532561.jpg', '../img/room/202372911532561.jpg', '2023-08-29', 'N'),
	(56, 119, 'room1.jpg', '202372911617377.jpg', '../img/room/202372911617377.jpg', '2023-08-29', 'N'),
	(57, 120, 'room1.jpg', '202372911632522.jpg', '../img/room/202372911632522.jpg', '2023-08-29', 'N'),
	(58, 121, 'motel1.jpg', '202372911837177.jpg', '../img/room/202372911837177.jpg', '2023-08-29', 'N'),
	(59, 122, 'motel1.jpg', '20237291195883.jpg', '../img/room/20237291195883.jpg', '2023-08-29', 'N'),
	(60, 123, '캠핑4.jpg', '202372911107571.jpg', '../img/room/202372911107571.jpg', '2023-08-29', 'N'),
	(61, 124, '캠핑4.jpg', '2023729111018294.jpg', '../img/room/2023729111018294.jpg', '2023-08-29', 'N'),
	(62, 125, '모텔룸5.jpg', '2023729111654612.jpg', '../img/room/2023729111654612.jpg', '2023-08-29', 'N'),
	(63, 126, '모텔룸5.jpg', '2023729111737427.jpg', '../img/room/2023729111737427.jpg', '2023-08-29', 'N'),
	(64, 127, 'motel3.jpg', '2023729111819537.jpg', '../img/room/2023729111819537.jpg', '2023-08-29', 'N'),
	(65, 128, 'motel3.jpg', '2023729111833807.jpg', '../img/room/2023729111833807.jpg', '2023-08-29', 'N'),
	(66, 129, '캠핑4.jpg', '2023729111937222.jpg', '../img/room/2023729111937222.jpg', '2023-08-29', 'N'),
	(67, 130, 'room2.jpg', '202372911203566.jpg', '../img/room/202372911203566.jpg', '2023-08-29', 'N'),
	(68, 131, 'room2.jpg', '2023729112047724.jpg', '../img/room/2023729112047724.jpg', '2023-08-29', 'N'),
	(69, 132, 'room1.jpg', '202372911213416.jpg', '../img/room/202372911213416.jpg', '2023-08-29', 'N'),
	(70, 133, 'room1.jpg', '2023729112114438.jpg', '../img/room/2023729112114438.jpg', '2023-08-29', 'N'),
	(71, 134, '캠핑4.jpg', '202372911224219.jpg', '../img/room/202372911224219.jpg', '2023-08-29', 'N'),
	(72, 135, 'motel4.jpg', '2023729112355779.jpg', '../img/room/2023729112355779.jpg', '2023-08-29', 'N'),
	(73, 136, 'motel4.jpg', '2023729112413719.jpg', '../img/room/2023729112413719.jpg', '2023-08-29', 'N'),
	(74, 137, 'motel4.jpg', '2023729112428460.jpg', '../img/room/2023729112428460.jpg', '2023-08-29', 'N'),
	(75, 138, 'motel4.jpg', '2023729112439341.jpg', '../img/room/2023729112439341.jpg', '2023-08-29', 'N'),
	(76, 139, '모텔룸6.jpg', '20237291125718.jpg', '../img/room/20237291125718.jpg', '2023-08-29', 'N'),
	(77, 140, 'motel2.jpg', '2023729112740606.jpg', '../img/room/2023729112740606.jpg', '2023-08-29', 'N'),
	(78, 141, 'motel2.jpg', '2023729112751475.jpg', '../img/room/2023729112751475.jpg', '2023-08-29', 'N'),
	(79, 142, 'redspa.png', '2023729112816386.png', '../img/room/2023729112816386.png', '2023-08-29', 'N'),
	(80, 143, 'motel3.jpg', '2023729112823284.jpg', '../img/room/2023729112823284.jpg', '2023-08-29', 'N'),
	(81, 144, 'motel1.jpg', '202372911281693276131416.jpg', '../img/room/202372911281693276131416.jpg', '2023-08-29', 'N'),
	(82, 145, 'yellowspa.png', '2023729112924561.png', '../img/room/2023729112924561.png', '2023-08-29', 'N'),
	(83, 146, '카라바나.jpg', '2023729112931815.jpg', '../img/room/2023729112931815.jpg', '2023-08-29', 'N'),
	(84, 147, '카라바나.jpg', '2023729112954992.jpg', '../img/room/2023729112954992.jpg', '2023-08-29', 'N'),
	(85, 148, 'bluespa.png', '202372911301714.png', '../img/room/202372911301714.png', '2023-08-29', 'N'),
	(86, 149, 'motel5.jpg', '202372911305719.jpg', '../img/room/202372911305719.jpg', '2023-08-29', 'N'),
	(87, 150, 'motel5.jpg', '2023729113115296.jpg', '../img/room/2023729113115296.jpg', '2023-08-29', 'N'),
	(88, 151, 'motel5.jpg', '202372911312588.jpg', '../img/room/202372911312588.jpg', '2023-08-29', 'N'),
	(89, 152, 'motel5.jpg', '2023729113138234.jpg', '../img/room/2023729113138234.jpg', '2023-08-29', 'N'),
	(90, 153, 'motel5.jpg', '2023729113148651.jpg', '../img/room/2023729113148651.jpg', '2023-08-29', 'N'),
	(91, 154, 'bluewhite.png', '202372911320661.png', '../img/room/202372911320661.png', '2023-08-29', 'N'),
	(92, 155, 'grey.png', '202372911347904.png', '../img/room/202372911347904.png', '2023-08-29', 'N'),
	(93, 156, 'riverviewA.png', '202372911354476.png', '../img/room/202372911354476.png', '2023-08-29', 'N'),
	(94, 157, 'riverviewB.png', '202372911361184.png', '../img/room/202372911361184.png', '2023-08-29', 'N'),
	(95, 158, 'motel4.jpg', '2023729113640212.jpg', '../img/room/2023729113640212.jpg', '2023-08-29', 'N'),
	(96, 159, 'motel4.jpg', '2023729113650256.jpg', '../img/room/2023729113650256.jpg', '2023-08-29', 'N'),
	(97, 160, 'motel4.jpg', '202372911379611.jpg', '../img/room/202372911379611.jpg', '2023-08-29', 'N'),
	(98, 161, 'motel4.jpg', '2023729113737763.jpg', '../img/room/2023729113737763.jpg', '2023-08-29', 'N'),
	(99, 162, 'motel4.jpg', '2023729113749159.jpg', '../img/room/2023729113749159.jpg', '2023-08-29', 'N'),
	(100, 163, 'motel4.jpg', '2023729113749624.jpg', '../img/room/2023729113749624.jpg', '2023-08-29', 'N'),
	(101, 164, '모텔룸3.jpg', '2023729113937754.jpg', '../img/room/2023729113937754.jpg', '2023-08-29', 'N'),
	(102, 165, '모텔룸3.jpg', '2023729113951343.jpg', '../img/room/2023729113951343.jpg', '2023-08-29', 'N'),
	(103, 166, '모텔룸4.jpg', '202372911401843.jpg', '../img/room/202372911401843.jpg', '2023-08-29', 'N'),
	(104, 167, '모텔룸4.jpg', '2023729114029360.jpg', '../img/room/2023729114029360.jpg', '2023-08-29', 'N'),
	(105, 168, '모텔룸6.jpg', '2023729114143387.jpg', '../img/room/2023729114143387.jpg', '2023-08-29', 'N'),
	(106, 169, '카라바나.jpg', '2023729114215535.jpg', '../img/room/2023729114215535.jpg', '2023-08-29', 'N'),
	(107, 170, '모텔룸6.jpg', '202372911424315.jpg', '../img/room/202372911424315.jpg', '2023-08-29', 'N'),
	(118, 181, '스탠다드 트윈.jpg', '202372903420142.jpg', '../img/room/202372903420142.jpg', '2023-08-29', 'N'),
	(119, 182, 'pension.jpg', '20237290371999.jpg', '../img/room/20237290371999.jpg', '2023-08-29', 'N'),
	(120, 183, 'hotel3.jpg', '20237301021492.jpg', '../img/room/20237301021492.jpg', '2023-08-30', 'N'),
	(121, 184, 'hotel2.jpg', '202373010501693360231165.jpg', '../img/room/202373010501693360231165.jpg', '2023-08-30', 'Y'),
	(122, 185, 'stay_room_change.jpg', '20237304301693380633737.jpg', '../img/room/20237304301693380633737.jpg', '2023-08-30', 'Y'),
	(123, 186, 'stay_room_change.jpg', '2023730551693382756382.jpg', '../img/room/2023730551693382756382.jpg', '2023-08-30', 'Y'),
	(124, 187, 'stay_room_change.jpg', '20237305231693383797861.jpg', '../img/room/20237305231693383797861.jpg', '2023-08-30', 'Y'),
	(125, 188, 'stay_room_change.jpg', '20237305451693385147193.jpg', '../img/room/20237305451693385147193.jpg', '2023-08-30', 'Y');

-- 테이블 semi.T2_ROOM_TBL 구조 내보내기
CREATE TABLE IF NOT EXISTS `T2_ROOM_TBL` (
  `ROOM_NO` int NOT NULL AUTO_INCREMENT COMMENT '상품번호',
  `STAY_NO` int NOT NULL COMMENT '숙소번호',
  `ROOM_NAME` varchar(30) CHARACTER SET utf8mb4 COLLATE utf8mb4_0900_ai_ci NOT NULL COMMENT '상품(숙소) 이름',
  `ROOM_PRICE` int NOT NULL DEFAULT (0) COMMENT '숙소 금액',
  `ROOM_SALES` double NOT NULL DEFAULT '1' COMMENT '할인 금액',
  `PEOPLE_MAX` int NOT NULL DEFAULT '1' COMMENT '방최대인원수',
  `ROOM_INSERT_TIME` date NOT NULL DEFAULT (now()) COMMENT '작성날짜',
  `ROOM_UPDATE_TIME` date NOT NULL DEFAULT (now()) COMMENT '수정날짜',
  `ROOM_RESIDUE` int NOT NULL DEFAULT '1' COMMENT '판매수량',
  `ROOM_DELYN` char(1) CHARACTER SET utf8mb4 COLLATE utf8mb4_0900_ai_ci NOT NULL DEFAULT 'N' COMMENT '삭제YN',
  PRIMARY KEY (`ROOM_NO`) USING BTREE
) ENGINE=InnoDB AUTO_INCREMENT=189 DEFAULT CHARSET=utf8mb4 COLLATE=utf8mb4_0900_ai_ci COMMENT='숙박시설별 방(디럭스,스위트룸 등)';

-- 테이블 데이터 semi.T2_ROOM_TBL:~103 rows (대략적) 내보내기
INSERT INTO `T2_ROOM_TBL` (`ROOM_NO`, `STAY_NO`, `ROOM_NAME`, `ROOM_PRICE`, `ROOM_SALES`, `PEOPLE_MAX`, `ROOM_INSERT_TIME`, `ROOM_UPDATE_TIME`, `ROOM_RESIDUE`, `ROOM_DELYN`) VALUES
	(74, 1000106, '[무료 미니바] 디럭스 더블', 283000, 0.9, 2, '2023-08-25', '2023-08-25', 1, 'N'),
	(76, 1000106, '[무료 미니바] 프리미엄 원 킹베드', 350000, 0.9, 2, '2023-08-28', '2023-08-28', 1, 'N'),
	(77, 1000106, '[바다전망] 스탠다드 더블', 600000, 0.8, 2, '2023-08-28', '2023-08-28', 1, 'N'),
	(78, 1000106, '[테라스] 스위트 더블', 560000, 0.2, 2, '2023-08-28', '2023-08-28', 1, 'N'),
	(79, 1000107, '[특가] 스탠다드 트윈 ', 170500, 0.5, 2, '2023-08-28', '2023-08-28', 1, 'N'),
	(80, 1000144, '블루돔글램핑', 290000, 1, 4, '2023-08-29', '2023-08-29', 1, 'N'),
	(81, 1000144, '화이트카라반', 288000, 1, 2, '2023-08-29', '2023-08-29', 1, 'N'),
	(82, 1000144, '글램핑 VIP동M', 269000, 1, 4, '2023-08-29', '2023-08-29', 1, 'N'),
	(83, 1000144, '[보팅ㆍBBQ패키지] 럭스캠프S', 303000, 0.7, 5, '2023-08-29', '2023-08-29', 1, 'N'),
	(84, 1000143, '[수상레저ㆍBBQ 올패키지] 럭스캠프', 403000, 1, 5, '2023-08-29', '2023-08-29', 1, 'N'),
	(85, 1000143, '[글램핑] 글램핑 6동', 229000, 1, 3, '2023-08-29', '2023-08-29', 1, 'N'),
	(86, 1000143, '[글램핑] 글램핑 4동', 229000, 1, 3, '2023-08-29', '2023-08-29', 1, 'N'),
	(87, 1000142, '[트라움]카라반', 209000, 1, 4, '2023-08-29', '2023-08-29', 1, 'N'),
	(88, 1000142, '[bbq] 글램핑', 289000, 1, 4, '2023-08-29', '2023-08-29', 1, 'N'),
	(89, 1000141, '벨리죤(계곡뷰)', 209000, 1, 2, '2023-08-29', '2023-08-29', 1, 'N'),
	(90, 1000141, '슈페리어(화장실/샤워실)', 249000, 1, 2, '2023-08-29', '2023-08-29', 1, 'N'),
	(91, 1000140, '스탠다드 트윈', 75000, 1, 2, '2023-08-29', '2023-08-29', 1, 'N'),
	(92, 1000140, '비즈니스 더블', 85000, 1, 2, '2023-08-29', '2023-08-29', 1, 'N'),
	(93, 1000140, '트리플룸', 110000, 1, 3, '2023-08-29', '2023-08-29', 1, 'N'),
	(94, 1000139, '스탠다드(주차불가/랜덤)', 59800, 1, 2, '2023-08-29', '2023-08-29', 1, 'N'),
	(95, 1000139, ' 디럭스(도보전용/랜덤)', 66000, 1, 2, '2023-08-29', '2023-08-29', 1, 'N'),
	(96, 1000139, '트윈(싱글+싱글)', 80000, 1, 2, '2023-08-29', '2023-08-29', 1, 'N'),
	(97, 1000107, '[특가] 스탠다드 트윈', 170500, 1, 2, '2023-08-29', '2023-08-29', 1, 'N'),
	(98, 1000107, '[특가] 스탠다드 더블', 180000, 1, 2, '2023-08-29', '2023-08-29', 1, 'N'),
	(99, 1000107, '[특가] 스탠다드 더블', 180000, 1, 2, '2023-08-29', '2023-08-29', 1, 'N'),
	(100, 1000107, '[테라스] 스위트 더블', 560000, 1, 2, '2023-08-29', '2023-08-29', 1, 'N'),
	(101, 1000108, '디럭스 트윈룸, 금연', 140000, 1, 2, '2023-08-29', '2023-08-29', 1, 'N'),
	(102, 1000108, '디럭스 트윈', 140000, 1, 2, '2023-08-29', '2023-08-29', 1, 'N'),
	(103, 1000108, '디럭스 더블룸, 금연', 180000, 1, 2, '2023-08-29', '2023-08-29', 1, 'N'),
	(104, 1000108, '디럭스 더블룸', 180000, 1, 2, '2023-08-29', '2023-08-29', 1, 'N'),
	(105, 1000137, '스탠다드 더블', 170000, 1, 2, '2023-08-29', '2023-08-29', 1, 'N'),
	(106, 1000137, '스탠다드 더블', 180000, 1, 2, '2023-08-29', '2023-08-29', 1, 'N'),
	(107, 1000137, '스탠다드 트윈', 150000, 1, 2, '2023-08-29', '2023-08-29', 1, 'N'),
	(108, 1000137, '스탠다드 트윈', 150000, 1, 2, '2023-08-29', '2023-08-29', 1, 'N'),
	(109, 1000137, '패밀리 트윈', 250000, 1, 4, '2023-08-29', '2023-08-29', 1, 'N'),
	(110, 1000109, 'GOLD DOUBLE', 120000, 1, 2, '2023-08-29', '2023-08-29', 1, 'N'),
	(111, 1000109, 'GOLD DOUBLE', 120000, 1, 2, '2023-08-29', '2023-08-29', 1, 'N'),
	(112, 1000109, 'GOLD DOUBLE', 120000, 1, 2, '2023-08-29', '2023-08-29', 1, 'N'),
	(113, 1000109, 'GOLD DOUBLE', 120000, 1, 2, '2023-08-29', '2023-08-29', 1, 'N'),
	(114, 1000109, 'GOLD DOUBLE', 120000, 1, 2, '2023-08-29', '2023-08-29', 1, 'N'),
	(115, 1000110, '스탠다드 더블', 150000, 1, 2, '2023-08-29', '2023-08-29', 1, 'N'),
	(116, 1000110, '스탠다드 더블', 150000, 1, 2, '2023-08-29', '2023-08-29', 1, 'N'),
	(117, 1000110, '스탠다들 트윈', 140000, 1, 2, '2023-08-29', '2023-08-29', 1, 'N'),
	(118, 1000110, '스탠다드 트윈', 140000, 1, 2, '2023-08-29', '2023-08-29', 1, 'N'),
	(119, 1000110, '디럭스 더블', 200000, 1, 2, '2023-08-29', '2023-08-29', 1, 'N'),
	(120, 1000110, '디럭스 더블', 200000, 1, 2, '2023-08-29', '2023-08-29', 1, 'N'),
	(121, 1000111, '디럭스 코너 트윈', 400000, 1, 2, '2023-08-29', '2023-08-29', 1, 'N'),
	(122, 1000111, '디럭스 코너 트윈', 400000, 1, 2, '2023-08-29', '2023-08-29', 1, 'N'),
	(123, 1000111, '프리미엄 뷰 더블', 600000, 1, 2, '2023-08-29', '2023-08-29', 1, 'N'),
	(124, 1000111, '프리미엄 뷰 더블', 600000, 1, 2, '2023-08-29', '2023-08-29', 1, 'N'),
	(125, 1000125, '슈페리어 더블', 290000, 1, 2, '2023-08-29', '2023-08-29', 1, 'N'),
	(126, 1000125, '슈페리어 더블', 290000, 1, 2, '2023-08-29', '2023-08-29', 1, 'N'),
	(127, 1000125, '슈페리어 트윈(Room Only)', 260000, 1, 2, '2023-08-29', '2023-08-29', 1, 'N'),
	(128, 1000125, '슈페리어 트윈(Room Only)', 260000, 1, 2, '2023-08-29', '2023-08-29', 1, 'N'),
	(129, 1000125, 'FLEX FAMILY ROOM', 1000000, 1, 4, '2023-08-29', '2023-08-29', 1, 'N'),
	(130, 1000126, '시그니엘 프리미엄 더블룸', 600000, 1, 2, '2023-08-29', '2023-08-29', 1, 'N'),
	(131, 1000126, '시그니엘 프리미엄 더블룸', 600000, 1, 2, '2023-08-29', '2023-08-29', 1, 'N'),
	(132, 1000126, '시그니엘 프리미엄 업 더블룸', 650000, 1, 2, '2023-08-29', '2023-08-29', 1, 'N'),
	(133, 1000126, '시그니엘 프리미엄 업 더블룸', 650000, 1, 2, '2023-08-29', '2023-08-29', 1, 'N'),
	(134, 1000126, '시그니엘 플렉스 더블룸', 700000, 1, 2, '2023-08-29', '2023-08-29', 1, 'N'),
	(135, 1000127, '디럭스 더블', 70000, 1, 2, '2023-08-29', '2023-08-29', 1, 'N'),
	(136, 1000127, '디럭스 더블', 70000, 1, 2, '2023-08-29', '2023-08-29', 1, 'N'),
	(137, 1000127, '디럭스 더블', 70000, 1, 2, '2023-08-29', '2023-08-29', 1, 'N'),
	(138, 1000127, '디럭스 더블', 70000, 1, 2, '2023-08-29', '2023-08-29', 1, 'N'),
	(139, 1000127, '스위트 ', 100000, 1, 4, '2023-08-29', '2023-08-29', 1, 'N'),
	(140, 1000128, '프리미엄 트윈', 300000, 1, 2, '2023-08-29', '2023-08-29', 1, 'N'),
	(141, 1000128, '프리미엄 트윈', 300000, 1, 2, '2023-08-29', '2023-08-29', 1, 'N'),
	(142, 1000135, '레드(스파)', 160000, 1, 4, '2023-08-29', '2023-08-29', 1, 'N'),
	(143, 1000128, '프리미엄 더블', 3200000, 1, 2, '2023-08-29', '2023-08-29', 1, 'N'),
	(144, 1000128, '프리미엄 더블', 320000, 1, 2, '2023-08-29', '2023-08-29', 1, 'N'),
	(145, 1000135, '옐로우(스파)', 200000, 1, 4, '2023-08-29', '2023-08-29', 1, 'N'),
	(146, 1000128, '디럭스 패밀리 플렉스', 350000, 1, 4, '2023-08-29', '2023-08-29', 1, 'N'),
	(147, 1000128, '디럭스 패밀리 플렉스룸', 350000, 1, 4, '2023-08-29', '2023-08-29', 1, 'N'),
	(148, 1000135, '블루(스파)', 120000, 1, 2, '2023-08-29', '2023-08-29', 1, 'N'),
	(149, 1000129, '2인 커플룸', 60000, 1, 2, '2023-08-29', '2023-08-29', 1, 'N'),
	(150, 1000129, '2인 커플룸', 60000, 1, 2, '2023-08-29', '2023-08-29', 1, 'N'),
	(151, 1000129, '2인 커플룸', 60000, 1, 2, '2023-08-29', '2023-08-29', 1, 'N'),
	(152, 1000129, '2인 커플룸', 60000, 1, 2, '2023-08-29', '2023-08-29', 1, 'N'),
	(153, 1000129, '2인 커플룸', 60000, 1, 2, '2023-08-29', '2023-08-29', 1, 'N'),
	(154, 1000136, '빌라화이트(독채)', 550000, 1, 6, '2023-08-29', '2023-08-29', 1, 'N'),
	(155, 1000136, '빌라그레이', 200000, 1, 2, '2023-08-29', '2023-08-29', 1, 'N'),
	(156, 1000136, '리버뷰A', 250000, 1, 4, '2023-08-29', '2023-08-29', 1, 'N'),
	(157, 1000136, '리버뷰B', 220000, 1, 4, '2023-08-29', '2023-08-29', 1, 'N'),
	(158, 1000130, '2인실 - 14시체크인', 50000, 1, 2, '2023-08-29', '2023-08-29', 1, 'N'),
	(159, 1000130, '2인실 - 14시체크인', 50000, 1, 2, '2023-08-29', '2023-08-29', 1, 'N'),
	(160, 1000130, '2인실 - 14시체크인', 50000, 1, 2, '2023-08-29', '2023-08-29', 1, 'N'),
	(161, 1000130, '2인실 - 14시체크인', 50000, 1, 2, '2023-08-29', '2023-08-29', 1, 'N'),
	(162, 1000130, '2인실 - 14시체크인', 50000, 1, 2, '2023-08-29', '2023-08-29', 1, 'N'),
	(163, 1000130, '2인실 - 14시체크인', 50000, 1, 2, '2023-08-29', '2023-08-29', 1, 'N'),
	(164, 1000131, '룸 (Twin Room)', 75000, 1, 2, '2023-08-29', '2023-08-29', 1, 'N'),
	(165, 1000131, '룸 (Twin Room)', 75000, 1, 2, '2023-08-29', '2023-08-29', 1, 'N'),
	(166, 1000132, '룸 (Double)', 75000, 1, 2, '2023-08-29', '2023-08-29', 1, 'N'),
	(167, 1000132, '룸 (Double)', 75000, 1, 2, '2023-08-29', '2023-08-29', 1, 'N'),
	(168, 1000133, '2인방', 80000, 1, 2, '2023-08-29', '2023-08-29', 1, 'N'),
	(169, 1000134, '독채 4인', 250000, 1, 4, '2023-08-29', '2023-08-29', 1, 'N'),
	(170, 1000138, '디럭스 더블', 100000, 1, 2, '2023-08-29', '2023-08-29', 1, 'N'),
	(173, 1000135, '디럭스', 1000000000, 1, 3, '2023-08-29', '2023-08-29', 1, 'Y'),
	(183, 1000139, '[게스트하우스]혼성 4인실', 300000, 0.7, 4, '2023-08-30', '2023-08-30', 1, 'N'),
	(184, 1000145, '스위트룸 더블', 300000, 0.8, 2, '2023-08-30', '2023-08-30', 3, 'Y'),
	(185, 1000144, '시연용 객실1', 100000, 0.8, 2, '2023-08-30', '2023-08-30', 1, 'Y'),
	(186, 1000144, '시연용 객실1', 100000, 0.8, 3, '2023-08-30', '2023-08-30', 1, 'Y'),
	(187, 1000144, '시연 객실1', 100000, 0.8, 3, '2023-08-30', '2023-08-30', 1, 'Y'),
	(188, 1000144, '시연 객실1', 100000, 0.8, 3, '2023-08-30', '2023-08-30', 1, 'Y');

-- 테이블 semi.T2_SERVICE_TBL 구조 내보내기
CREATE TABLE IF NOT EXISTS `T2_SERVICE_TBL` (
  `SERVICE_NO` int NOT NULL COMMENT '서비스 번호',
  `SERVICE_NAME` varchar(30) CHARACTER SET utf8mb4 COLLATE utf8mb4_0900_ai_ci NOT NULL DEFAULT '' COMMENT '서비스 이름'
) ENGINE=InnoDB DEFAULT CHARSET=utf8mb4 COLLATE=utf8mb4_0900_ai_ci COMMENT='방(숙박)시설의 서비스 종류';

-- 테이블 데이터 semi.T2_SERVICE_TBL:~30 rows (대략적) 내보내기
INSERT INTO `T2_SERVICE_TBL` (`SERVICE_NO`, `SERVICE_NAME`) VALUES
	(1, '피트니스'),
	(2, '수영장'),
	(3, '사우나'),
	(4, '골프장'),
	(5, '레스토랑'),
	(6, '엘레베이터'),
	(7, '라운지'),
	(8, '공용PC'),
	(9, 'BBQ'),
	(10, '공용스파'),
	(11, '족구장'),
	(12, '세미나실'),
	(13, '편의점'),
	(14, '노래방'),
	(15, '주방/식당'),
	(16, '세탁기'),
	(17, '건조기'),
	(18, '주차장'),
	(19, '취사기능'),
	(20, '공용샤워실'),
	(21, '온천'),
	(22, '스키장'),
	(23, '반려견동반'),
	(24, '객실내흡연'),
	(25, '금연'),
	(26, '캠프파이어'),
	(27, '조식포함'),
	(28, '픽업가능'),
	(29, '발렛파킹'),
	(30, '무료주차');

-- 테이블 semi.T2_STAY_IMG_TBL 구조 내보내기
CREATE TABLE IF NOT EXISTS `T2_STAY_IMG_TBL` (
  `IMG_NO` int NOT NULL AUTO_INCREMENT COMMENT '이미지 PK',
  `STAY_NO` int NOT NULL COMMENT '외래키',
  `IMG_NAME` varchar(100) CHARACTER SET utf8mb4 COLLATE utf8mb4_0900_ai_ci NOT NULL COMMENT '이미지명',
  `IMG_SAVE_NAME` varchar(100) CHARACTER SET utf8mb4 COLLATE utf8mb4_0900_ai_ci NOT NULL COMMENT '저장된이미지명',
  `IMG_PATH` varchar(300) CHARACTER SET utf8mb4 COLLATE utf8mb4_0900_ai_ci NOT NULL COMMENT '이미지경로',
  `IMG_DATE` date NOT NULL DEFAULT (now()),
  `IMG_DELYN` char(1) CHARACTER SET utf8mb4 COLLATE utf8mb4_0900_ai_ci NOT NULL DEFAULT 'N' COMMENT '삭제YN',
  PRIMARY KEY (`IMG_NO`)
) ENGINE=InnoDB AUTO_INCREMENT=41 DEFAULT CHARSET=utf8mb4 COLLATE=utf8mb4_0900_ai_ci COMMENT='숙박업소이미지';

-- 테이블 데이터 semi.T2_STAY_IMG_TBL:~34 rows (대략적) 내보내기
INSERT INTO `T2_STAY_IMG_TBL` (`IMG_NO`, `STAY_NO`, `IMG_NAME`, `IMG_SAVE_NAME`, `IMG_PATH`, `IMG_DATE`, `IMG_DELYN`) VALUES
	(7, 1000106, 'hotel.jpg', '202372531520731.jpg', '../img/stay/202372531520731.jpg', '2023-08-25', 'N'),
	(8, 1000107, 'hotel1.jpg', '2023725330882.jpg', '../img/stay/2023725330882.jpg', '2023-08-25', 'N'),
	(9, 1000108, 'hotel13.jpg', '20237280381693150730908.jpg', '../img/stay/20237280381693150730908.jpg', '2023-08-28', 'N'),
	(10, 1000109, 'hotel3.jpg', '202372533230113.jpg', '../img/stay/202372533230113.jpg', '2023-08-25', 'N'),
	(11, 1000110, 'hotel4.jpg', '20237253369482.jpg', '../img/stay/20237253369482.jpg', '2023-08-25', 'N'),
	(12, 1000111, 'hotel5.jpg', '20237253389724.jpg', '../img/stay/20237253389724.jpg', '2023-08-25', 'N'),
	(13, 1000125, 'hotel6.jpg', '20237254284397.jpg', '../img/stay/20237254284397.jpg', '2023-08-25', 'N'),
	(14, 1000126, 'hotel7.jpg', '20237254305718.jpg', '../img/stay/20237254305718.jpg', '2023-08-25', 'N'),
	(15, 1000127, 'hotel11.jpg', '202372543356417.jpg', '../img/stay/202372543356417.jpg', '2023-08-25', 'N'),
	(16, 1000128, '59b8f2e3242cb.jpg', '202372543548542.jpg', '../img/stay/202372543548542.jpg', '2023-08-25', 'N'),
	(17, 1000129, 'guest1.jpg', '202372544155978.jpg', '../img/stay/202372544155978.jpg', '2023-08-25', 'N'),
	(18, 1000130, 'guest2.jpg', '20237254458222.jpg', '../img/stay/20237254458222.jpg', '2023-08-25', 'N'),
	(19, 1000131, 'guest3.jpg', '202372545310933.jpg', '../img/stay/202372545310933.jpg', '2023-08-25', 'N'),
	(20, 1000132, 'guest4.jpg', '202372545437877.jpg', '../img/stay/202372545437877.jpg', '2023-08-25', 'N'),
	(21, 1000133, 'guest5.jpg', '202372545525325.jpg', '../img/stay/202372545525325.jpg', '2023-08-25', 'N'),
	(22, 1000134, 'pension.jpg', '20237255126353.jpg', '../img/stay/20237255126353.jpg', '2023-08-25', 'N'),
	(23, 1000135, 'pension2.jpg', '20237255258481.jpg', '../img/stay/20237255258481.jpg', '2023-08-25', 'N'),
	(24, 1000136, 'pension13.jpg', '20237255415827.jpg', '../img/stay/20237255415827.jpg', '2023-08-25', 'N'),
	(25, 1000137, 'hotel14.jpg', '202372804417756.jpg', '../img/stay/202372804417756.jpg', '2023-08-28', 'N'),
	(26, 1000138, 'motel1.jpg', '202372964855461.jpg', '../img/stay/202372964855461.jpg', '2023-08-29', 'N'),
	(27, 1000139, 'motel2.jpg', '202372965038784.jpg', '../img/stay/202372965038784.jpg', '2023-08-29', 'N'),
	(28, 1000140, 'motel3.jpg', '202372965220442.jpg', '../img/stay/202372965220442.jpg', '2023-08-29', 'N'),
	(29, 1000141, 'camping1.jpg', '202372965746221.jpg', '../img/stay/202372965746221.jpg', '2023-08-29', 'N'),
	(30, 1000142, 'camping2.jpg', '202372965930791.jpg', '../img/stay/202372965930791.jpg', '2023-08-29', 'N'),
	(31, 1000143, 'camping3.jpg', '2023729715490.jpg', '../img/stay/2023729715490.jpg', '2023-08-29', 'N'),
	(32, 1000144, 'camping4.jpg', '20237297250667.jpg', '../img/stay/20237297250667.jpg', '2023-08-29', 'N'),
	(33, 1000145, 'hotel4.jpg', '2023730104918396.jpg', '../img/stay/2023730104918396.jpg', '2023-08-30', 'Y'),
	(34, 1000146, 'stay.jpg', '202373035616255.jpg', '../img/stay/202373035616255.jpg', '2023-08-30', 'Y'),
	(35, 1000147, 'snoc1.jpg', '20237303599514.jpg', '../img/stay/20237303599514.jpg', '2023-08-30', 'Y'),
	(36, 1000148, 'snoc3.jpg', '20237304355611.jpg', '../img/stay/20237304355611.jpg', '2023-08-30', 'Y'),
	(37, 1000149, 'stay_change.jpg', '20237304291693380575503.jpg', '../img/stay/20237304291693380575503.jpg', '2023-08-30', 'Y'),
	(38, 1000150, 'stay_change.jpg', '2023730551693382707436.jpg', '../img/stay/2023730551693382707436.jpg', '2023-08-30', 'Y'),
	(39, 1000151, 'stay_change.jpg', '20237305221693383752961.jpg', '../img/stay/20237305221693383752961.jpg', '2023-08-30', 'Y'),
	(40, 1000152, 'stay_change.jpg', '20237305451693385108213.jpg', '../img/stay/20237305451693385108213.jpg', '2023-08-30', 'Y');

-- 테이블 semi.T2_STAY_SERVICE_TBL 구조 내보내기
CREATE TABLE IF NOT EXISTS `T2_STAY_SERVICE_TBL` (
  `STAY_NO` int NOT NULL COMMENT '방 번호',
  `SERVICE_NO` int NOT NULL COMMENT '서비스 번호'
) ENGINE=InnoDB DEFAULT CHARSET=utf8mb4 COLLATE=utf8mb4_0900_ai_ci COMMENT='숙소별 서비스를 담는 테이블';

-- 테이블 데이터 semi.T2_STAY_SERVICE_TBL:~288 rows (대략적) 내보내기
INSERT INTO `T2_STAY_SERVICE_TBL` (`STAY_NO`, `SERVICE_NO`) VALUES
	(1000106, 1),
	(1000106, 2),
	(1000106, 8),
	(1000106, 6),
	(1000106, 5),
	(1000106, 29),
	(1000106, 20),
	(1000106, 18),
	(1000107, 1),
	(1000107, 2),
	(1000107, 3),
	(1000107, 5),
	(1000107, 6),
	(1000107, 7),
	(1000107, 8),
	(1000107, 12),
	(1000107, 13),
	(1000107, 14),
	(1000107, 4),
	(1000107, 9),
	(1000107, 10),
	(1000107, 11),
	(1000109, 1),
	(1000109, 2),
	(1000109, 3),
	(1000109, 4),
	(1000109, 5),
	(1000109, 6),
	(1000109, 8),
	(1000109, 7),
	(1000109, 9),
	(1000109, 10),
	(1000110, 27),
	(1000110, 1),
	(1000110, 6),
	(1000110, 7),
	(1000110, 15),
	(1000110, 20),
	(1000110, 2),
	(1000110, 3),
	(1000110, 5),
	(1000110, 4),
	(1000111, 1),
	(1000111, 3),
	(1000111, 2),
	(1000125, 1),
	(1000125, 2),
	(1000125, 3),
	(1000125, 6),
	(1000125, 8),
	(1000125, 10),
	(1000125, 11),
	(1000125, 12),
	(1000125, 13),
	(1000125, 20),
	(1000125, 18),
	(1000125, 22),
	(1000125, 28),
	(1000126, 1),
	(1000126, 2),
	(1000126, 4),
	(1000126, 8),
	(1000126, 5),
	(1000126, 20),
	(1000126, 25),
	(1000126, 18),
	(1000126, 21),
	(1000126, 23),
	(1000126, 26),
	(1000127, 1),
	(1000127, 2),
	(1000127, 3),
	(1000127, 12),
	(1000127, 10),
	(1000127, 11),
	(1000127, 15),
	(1000127, 20),
	(1000127, 18),
	(1000127, 23),
	(1000127, 21),
	(1000127, 27),
	(1000127, 28),
	(1000128, 1),
	(1000128, 2),
	(1000128, 3),
	(1000128, 5),
	(1000128, 6),
	(1000128, 8),
	(1000128, 10),
	(1000128, 13),
	(1000128, 18),
	(1000128, 27),
	(1000129, 13),
	(1000129, 15),
	(1000129, 16),
	(1000129, 17),
	(1000129, 18),
	(1000129, 19),
	(1000129, 20),
	(1000129, 23),
	(1000129, 27),
	(1000129, 25),
	(1000130, 17),
	(1000130, 16),
	(1000130, 15),
	(1000130, 13),
	(1000131, 13),
	(1000131, 16),
	(1000131, 17),
	(1000131, 15),
	(1000131, 19),
	(1000131, 18),
	(1000131, 25),
	(1000131, 26),
	(1000132, 15),
	(1000132, 16),
	(1000132, 13),
	(1000132, 18),
	(1000132, 17),
	(1000132, 19),
	(1000132, 20),
	(1000132, 23),
	(1000132, 25),
	(1000132, 27),
	(1000132, 30),
	(1000133, 13),
	(1000133, 15),
	(1000133, 16),
	(1000133, 17),
	(1000133, 18),
	(1000133, 20),
	(1000133, 25),
	(1000133, 27),
	(1000133, 30),
	(1000134, 2),
	(1000134, 3),
	(1000134, 6),
	(1000134, 9),
	(1000134, 11),
	(1000134, 15),
	(1000134, 16),
	(1000134, 17),
	(1000134, 19),
	(1000134, 26),
	(1000134, 30),
	(1000134, 18),
	(1000135, 16),
	(1000135, 19),
	(1000135, 17),
	(1000135, 15),
	(1000135, 9),
	(1000135, 27),
	(1000135, 26),
	(1000135, 30),
	(1000135, 18),
	(1000135, 23),
	(1000136, 2),
	(1000136, 9),
	(1000136, 14),
	(1000136, 15),
	(1000136, 16),
	(1000136, 26),
	(1000136, 27),
	(1000136, 30),
	(1000136, 20),
	(1000136, 19),
	(1000136, 17),
	(1000136, 23),
	(1000108, 1),
	(1000108, 2),
	(1000108, 3),
	(1000108, 4),
	(1000108, 5),
	(1000108, 6),
	(1000108, 7),
	(1000108, 8),
	(1000137, 1),
	(1000137, 2),
	(1000137, 5),
	(1000137, 6),
	(1000137, 7),
	(1000137, 10),
	(1000137, 25),
	(1000137, 29),
	(1000137, 30),
	(1000138, 13),
	(1000138, 24),
	(1000138, 8),
	(1000138, 7),
	(1000138, 6),
	(1000139, 6),
	(1000139, 7),
	(1000139, 8),
	(1000139, 30),
	(1000139, 20),
	(1000140, 1),
	(1000140, 5),
	(1000140, 6),
	(1000140, 7),
	(1000140, 8),
	(1000140, 10),
	(1000140, 20),
	(1000140, 23),
	(1000141, 2),
	(1000141, 9),
	(1000141, 15),
	(1000141, 20),
	(1000141, 26),
	(1000142, 9),
	(1000142, 11),
	(1000142, 13),
	(1000142, 15),
	(1000142, 18),
	(1000142, 19),
	(1000142, 20),
	(1000142, 23),
	(1000142, 26),
	(1000143, 9),
	(1000143, 13),
	(1000143, 14),
	(1000143, 15),
	(1000143, 19),
	(1000143, 26),
	(1000143, 20),
	(1000143, 23),
	(1000144, 2),
	(1000144, 9),
	(1000144, 10),
	(1000144, 11),
	(1000144, 13),
	(1000144, 15),
	(1000144, 18),
	(1000144, 19),
	(1000144, 20),
	(1000144, 23),
	(1000144, 26),
	(1000145, 3),
	(1000145, 4),
	(1000145, 17),
	(1000145, 12),
	(1000145, 9),
	(1000145, 8),
	(1000145, 7),
	(1000146, 1),
	(1000146, 8),
	(1000146, 15),
	(1000146, 19),
	(1000146, 23),
	(1000146, 25),
	(1000146, 27),
	(1000146, 28),
	(1000147, 1),
	(1000147, 2),
	(1000147, 3),
	(1000148, 2),
	(1000148, 3),
	(1000148, 7),
	(1000148, 6),
	(1000148, 5),
	(1000149, 1),
	(1000149, 5),
	(1000149, 10),
	(1000149, 20),
	(1000149, 23),
	(1000149, 16),
	(1000149, 25),
	(1000150, 2),
	(1000150, 6),
	(1000150, 11),
	(1000150, 15),
	(1000150, 22),
	(1000150, 23),
	(1000150, 3),
	(1000151, 3),
	(1000151, 7),
	(1000151, 11),
	(1000151, 25),
	(1000151, 26),
	(1000151, 29),
	(1000151, 30),
	(1000151, 16),
	(1000151, 17),
	(1000152, 2),
	(1000152, 8),
	(1000152, 18),
	(1000152, 6),
	(1000152, 7),
	(1000152, 10);

-- 테이블 semi.T2_STAY_TBL 구조 내보내기
CREATE TABLE IF NOT EXISTS `T2_STAY_TBL` (
  `STAY_NO` int NOT NULL AUTO_INCREMENT COMMENT '숙소 번호',
  `U_ID` varchar(15) CHARACTER SET utf8mb4 COLLATE utf8mb4_0900_ai_ci NOT NULL COMMENT '판매자아이디',
  `STAY_NAME` varchar(30) CHARACTER SET utf8mb4 COLLATE utf8mb4_0900_ai_ci NOT NULL COMMENT '숙소이름',
  `STAY_KIND` varchar(10) CHARACTER SET utf8mb4 COLLATE utf8mb4_0900_ai_ci NOT NULL COMMENT '숙소 분류',
  `S_ZIPNO` varchar(5) CHARACTER SET utf8mb4 COLLATE utf8mb4_0900_ai_ci NOT NULL COMMENT '우편번호',
  `S_ADDR` varchar(100) CHARACTER SET utf8mb4 COLLATE utf8mb4_0900_ai_ci NOT NULL COMMENT '숙소 주소',
  `S_DETAIL_ADDR` varchar(100) CHARACTER SET utf8mb4 COLLATE utf8mb4_0900_ai_ci NOT NULL COMMENT '숙소 상세 주소',
  `S_READ` int NOT NULL DEFAULT '0' COMMENT '조회수',
  `S_INSERT_TIME` date NOT NULL DEFAULT (now()) COMMENT '작성날짜',
  `S_UPDATE_TIME` date NOT NULL DEFAULT (now()) COMMENT '수정날짜',
  `S_DELYN` char(1) CHARACTER SET utf8mb4 COLLATE utf8mb4_0900_ai_ci NOT NULL DEFAULT 'N' COMMENT '삭제YN',
  PRIMARY KEY (`STAY_NO`)
) ENGINE=InnoDB AUTO_INCREMENT=1000153 DEFAULT CHARSET=utf8mb4 COLLATE=utf8mb4_0900_ai_ci COMMENT='숙박업소(호텔,펜션 등)';

-- 테이블 데이터 semi.T2_STAY_TBL:~33 rows (대략적) 내보내기
INSERT INTO `T2_STAY_TBL` (`STAY_NO`, `U_ID`, `STAY_NAME`, `STAY_KIND`, `S_ZIPNO`, `S_ADDR`, `S_DETAIL_ADDR`, `S_READ`, `S_INSERT_TIME`, `S_UPDATE_TIME`, `S_DELYN`) VALUES
	(1000106, 'host', '보코서울강남, IHG 호텔', 'HOTEL', '06022', '서울특별시 강남구 압구정로 지하172', '신사역', 0, '2023-08-25', '2023-08-25', 'N'),
	(1000107, 'host', '호텔 엔트라 강남', 'HOTEL', '06266', '서울특별시 강남구 강남대로 250', '엔트라 강남', 0, '2023-08-25', '2023-08-25', 'N'),
	(1000108, 'host', '더케이 호텔', 'HOTEL', '06675', '서울특별시 서초구 서초대로 12-1', '더케이 호텔', 0, '2023-08-25', '2023-08-25', 'N'),
	(1000109, 'host', '나인스 호텔', 'HOTEL', '08049', '서울특별시 양천구 신정이펜1로 20', '나인스 호텔', 0, '2023-08-25', '2023-08-25', 'N'),
	(1000110, 'host', '호텔 스카이파크 센트럴', 'HOTEL', '04607', '서울특별시 중구 동호로 208', '스카이 파크', 0, '2023-08-25', '2023-08-25', 'N'),
	(1000111, 'host', '그랜드 하얏트 호텔', 'HOTEL', '04350', '서울특별시 용산구 이태원로 지하177', '그랜드 하얏트', 0, '2023-08-25', '2023-08-25', 'N'),
	(1000125, 'host', '노보텔 앰배서더 서울', 'HOTEL', '04372', '서울특별시 용산구 청파로20길 95', '노보텔', 0, '2023-08-25', '2023-08-25', 'N'),
	(1000126, 'host', '시그니엘', 'HOTEL', '05551', '서울특별시 송파구 올림픽로 300', '시그니엘', 0, '2023-08-25', '2023-08-25', 'N'),
	(1000127, 'host', '호텔 포레스타', 'HOTEL', '05557', '서울특별시 송파구 백제고분로7길 23-6', '포레스타', 0, '2023-08-25', '2023-08-25', 'N'),
	(1000128, 'host', '롯데호텔', 'HOTEL', '05554', '서울특별시 송파구 송파대로 521', '롯데호텔', 0, '2023-08-25', '2023-08-25', 'N'),
	(1000129, 'host', '롬바드 게스트하우스', 'GUEST', '04029', '서울특별시 마포구 동교로16길 17', '롬바드 4층', 0, '2023-08-25', '2023-08-25', 'N'),
	(1000130, 'host', '비스테이', 'GUEST', '03659', '서울특별시 서대문구 가좌로 70', '비스테이 702호', 0, '2023-08-25', '2023-08-25', 'N'),
	(1000131, 'host', '디케이 하우스', 'GUEST', '03766', '서울특별시 서대문구 이화여대1안길 15', '디케이', 0, '2023-08-25', '2023-08-25', 'N'),
	(1000132, 'host', '화성 게스트하우스', 'GUEST', '16261', '경기도 수원시 팔달구 정조로801번길 11', '화성게하', 0, '2023-08-25', '2023-08-25', 'N'),
	(1000133, 'host', '게스트하우스 에쿠', 'GUEST', '22748', '인천광역시 서구 청라커낼로 367', '에쿠 게하', 0, '2023-08-25', '2023-08-25', 'N'),
	(1000134, 'host', '양평 아라진 펜션', 'PENSION', '12511', '경기도 양평군 용문면 벌터골길 16', '아라진 펜션', 0, '2023-08-25', '2023-08-25', 'N'),
	(1000135, 'host', '가평 라온빌 독채 펜션', 'PENSION', '12411', '경기도 가평군 가평읍 잎너비길 17-66', '라온빌', 0, '2023-08-25', '2023-08-25', 'N'),
	(1000136, 'host', '가평 올댓워터 펜션', 'PENSION', '12429', '경기도 가평군 가평읍 호반로 1705', '올댓워터', 0, '2023-08-25', '2023-08-25', 'N'),
	(1000137, 'host', '스탠포드 호텔', 'HOTEL', '03922', '서울특별시 마포구 월드컵북로58길 15', '스탠포드 호텔', 0, '2023-08-28', '2023-08-28', 'N'),
	(1000138, 'host', '명동 밀리오레', 'MOTEL', '04536', '서울특별시 중구 퇴계로 115', '밀리오레', 0, '2023-08-29', '2023-08-29', 'N'),
	(1000139, 'host', '종로 더 디자이너스', 'MOTEL', '03191', '서울특별시 종로구 수표로 89-8', '더 디자이너스', 0, '2023-08-29', '2023-08-29', 'N'),
	(1000140, 'host', '용산 E-CUBE', 'MOTEL', '04320', '서울특별시 용산구 한강대로 305', 'E-CUBE', 0, '2023-08-29', '2023-08-29', 'N'),
	(1000141, 'host', '가평 디프라이빗 캠핑', 'CAMPING', '12400', '경기도 가평군 북면 논남기길 466-35', '디프라이빗 캠핑', 0, '2023-08-29', '2023-08-29', 'N'),
	(1000142, 'host', '양평 그라티아글램핑', 'CAMPING', '12503', '경기도 양평군 서종면 수대울길 148', '그라티아 글램핑', 0, '2023-08-29', '2023-08-29', 'N'),
	(1000143, 'host', '포천 베어스 글램핑', 'CAMPING', '11188', '경기도 포천시 내촌면 금강로 3009', '베어스 글램핑', 0, '2023-08-29', '2023-08-29', 'N'),
	(1000144, 'host', '프로미스 캠프', 'CAMPING', '11111', '경기도 포천시 이동면 여우고개로242번길 21-27', '프로미스 캠프', 0, '2023-08-29', '2023-08-29', 'N'),
	(1000146, 'host', '시연용 호텔', 'HOTEL', '06711', '서울특별시 서초구 반포대로 5', '더조은호텔', 0, '2023-08-30', '2023-08-30', 'Y'),
	(1000147, 'host', '시연', 'HOTEL', '06995', '서울특별시 동작구 동작대로39길 39', '시연용', 0, '2023-08-30', '2023-08-30', 'Y'),
	(1000148, 'host', '시연', 'GUEST', '06995', '서울특별시 동작구 동작대로39길 39', 'ㅋㅋ', 0, '2023-08-30', '2023-08-30', 'Y'),
	(1000149, 'host', '시연용 호텔1', 'HOTEL', '01158', '서울특별시 강북구 솔매로50길 65', '시연호텔', 0, '2023-08-30', '2023-08-30', 'Y'),
	(1000150, 'host', '시연용 호텔1', 'HOTEL', '01158', '서울특별시 강북구 솔매로50길 65', '시연호텔', 0, '2023-08-30', '2023-08-30', 'Y'),
	(1000151, 'host', '시연 호텔1', 'HOTEL', '08806', '서울특별시 관악구 남현1길 38-10', '시연 호텔', 0, '2023-08-30', '2023-08-30', 'Y'),
	(1000152, 'host', '시연 호텔1', 'HOTEL', '06995', '서울특별시 동작구 동작대로39길 39', '시연 호텔', 0, '2023-08-30', '2023-08-30', 'Y');

-- 테이블 semi.T2_USER_IMG_TBL 구조 내보내기
CREATE TABLE IF NOT EXISTS `T2_USER_IMG_TBL` (
  `IMG_NO` int NOT NULL AUTO_INCREMENT COMMENT '이미지 PK',
  `U_ID` varchar(15) NOT NULL COMMENT '외래키',
  `IMG_NAME` varchar(100) NOT NULL COMMENT '이미지명',
  `IMG_SAVE_NAME` varchar(100) CHARACTER SET utf8mb4 COLLATE utf8mb4_0900_ai_ci NOT NULL COMMENT '저장된이미지명',
  `IMG_PATH` varchar(300) CHARACTER SET utf8mb4 COLLATE utf8mb4_0900_ai_ci NOT NULL COMMENT '이미지경로',
  `IMG_DATE` date NOT NULL DEFAULT (now()),
  PRIMARY KEY (`IMG_NO`)
) ENGINE=InnoDB DEFAULT CHARSET=utf8mb4 COLLATE=utf8mb4_0900_ai_ci COMMENT='프로필사진';

-- 테이블 데이터 semi.T2_USER_IMG_TBL:~0 rows (대략적) 내보내기

-- 테이블 semi.T2_USER_POINT_TBL 구조 내보내기
CREATE TABLE IF NOT EXISTS `T2_USER_POINT_TBL` (
  `U_ID` varchar(15) CHARACTER SET utf8mb4 COLLATE utf8mb4_0900_ai_ci NOT NULL COMMENT '아이디',
  `POINT` int NOT NULL COMMENT '포인트',
  PRIMARY KEY (`U_ID`)
) ENGINE=InnoDB DEFAULT CHARSET=utf8mb4 COLLATE=utf8mb4_0900_ai_ci COMMENT='회원별 포인트 현황';

-- 테이블 데이터 semi.T2_USER_POINT_TBL:~32 rows (대략적) 내보내기
INSERT INTO `T2_USER_POINT_TBL` (`U_ID`, `POINT`) VALUES
	('1', 500),
	('132132', 5000),
	('abcd', 5000),
	('admin', 10000),
	('chg111', 5000),
	('d', 5000),
	('ddd', 5000),
	('dltmdgus', 5000),
	('ekdekd', 5000),
	('eks', 5000),
	('ekseks', 5000),
	('eksq', 5000),
	('eksqj', 5000),
	('eksqjf', 5000),
	('eksqjf1', 5000),
	('eksqjfs', 5000),
	('eksqjfss', 5000),
	('host1', 5000),
	('olsang35', 5000),
	('qlalf', 5000),
	('qq', 5000),
	('rbrbrkrk', 5000),
	('rlavh', 5000),
	('test', 5000),
	('test02', 5000),
	('test03', 5000),
	('test05', 5000),
	('test06', 5000),
	('test07', 5000),
	('test08', 5000),
	('whwhxndj', 5000),
	('yerim', 5000);

-- 테이블 semi.T2_USER_TBL 구조 내보내기
CREATE TABLE IF NOT EXISTS `T2_USER_TBL` (
  `U_ID` varchar(15) CHARACTER SET utf8mb4 COLLATE utf8mb4_0900_ai_ci NOT NULL COMMENT '아이디',
  `U_PWD` varchar(15) CHARACTER SET utf8mb4 COLLATE utf8mb4_0900_ai_ci NOT NULL COMMENT '비밀번호',
  `U_NAME` varchar(15) CHARACTER SET utf8mb4 COLLATE utf8mb4_0900_ai_ci NOT NULL COMMENT '이름',
  `NICKNAME` varchar(20) CHARACTER SET utf8mb4 COLLATE utf8mb4_0900_ai_ci NOT NULL COMMENT '닉네임',
  `BIRTH` date NOT NULL COMMENT '생일',
  `PHONE` varchar(11) CHARACTER SET utf8mb4 COLLATE utf8mb4_0900_ai_ci NOT NULL COMMENT '핸드폰번호',
  `EMAIL` varchar(30) CHARACTER SET utf8mb4 COLLATE utf8mb4_0900_ai_ci NOT NULL COMMENT '이메일',
  `ZIPNO` varchar(5) CHARACTER SET utf8mb4 COLLATE utf8mb4_0900_ai_ci NOT NULL COMMENT '우편번호',
  `ADDR` varchar(100) CHARACTER SET utf8mb4 COLLATE utf8mb4_0900_ai_ci NOT NULL COMMENT '주소',
  `ADDR_DETAIL` varchar(50) CHARACTER SET utf8mb4 COLLATE utf8mb4_0900_ai_ci NOT NULL COMMENT '상세주소',
  `STATUS` char(1) CHARACTER SET utf8mb4 COLLATE utf8mb4_0900_ai_ci NOT NULL DEFAULT 'U' COMMENT '회원:U 관리자:A 권한/호스트:H 렌터카:R',
  `BANYN` char(1) CHARACTER SET utf8mb4 COLLATE utf8mb4_0900_ai_ci NOT NULL DEFAULT 'N' COMMENT '정지여부/Y:정지/N:정지X',
  `EVENTYN` char(1) CHARACTER SET utf8mb4 COLLATE utf8mb4_0900_ai_ci NOT NULL DEFAULT 'N' COMMENT '이벤트수신여부/Y:이벤트수신/N:수신X',
  `LOGIN_CNT` int NOT NULL DEFAULT '0' COMMENT '로그인 시도 횟수',
  `DELYN` char(1) CHARACTER SET utf8mb4 COLLATE utf8mb4_0900_ai_ci NOT NULL DEFAULT 'N' COMMENT '삭제여부YN',
  PRIMARY KEY (`U_ID`)
) ENGINE=InnoDB DEFAULT CHARSET=utf8mb4 COLLATE=utf8mb4_0900_ai_ci COMMENT='회원리스트';

-- 테이블 데이터 semi.T2_USER_TBL:~27 rows (대략적) 내보내기
INSERT INTO `T2_USER_TBL` (`U_ID`, `U_PWD`, `U_NAME`, `NICKNAME`, `BIRTH`, `PHONE`, `EMAIL`, `ZIPNO`, `ADDR`, `ADDR_DETAIL`, `STATUS`, `BANYN`, `EVENTYN`, `LOGIN_CNT`, `DELYN`) VALUES
	('1', '00000000', '김온달', '비밀번호잘까먹음', '1987-12-01', '01011111111', 'test1@naver.com', '46051', '부산광역시 기장군 철마면 고촌로 11', '1', 'U', 'N', 'N', 0, 'N'),
	('132132', '123456789', '조악성', '조조투어망해라', '1996-05-06', '01033333354', 'lilililiililil@naver.com', '06934', '서울특별시 동작구 등용로4길 58', '101호', 'U', 'Y', 'N', 0, 'N'),
	('admin', '369369369', '관리자', '친절한관리자', '1888-08-10', '01012132121', 'admin@naver.com', '2', '서울', 'ㅇ', 'A', 'N', 'N', 0, 'N'),
	('chg111', '11111111', '조혜지', '착하게살게요', '2008-08-06', '01087878787', 'ddf@naver.com', '63568', '제주특별자치도 서귀포시 서호남로 92-15', '101호', 'U', 'N', 'N', 0, 'N'),
	('ddd', '11111111', '조혜지', '하이', '2003-08-07', '01022224444', 'ddd@naver.com', '06047', '서울특별시 강남구 논현로150길 13', '101', 'U', 'N', 'N', 0, 'N'),
	('dddddd', '11111111', '조혜지', '혜지호그', '1997-10-06', '01012345678', 'hdh@naver.com', '14402', '경기도 부천시 오정로 289', '', 'U', 'N', 'N', 0, 'N'),
	('ekdekd', '123qwe123qwe', '이승현', '꾸엑이다', '1987-12-01', '01033933339', 'eksqjf11@naver.com', '10087', '경기도 김포시 김포한강2로 121', '우리집2', 'U', 'N', 'N', 0, 'N'),
	('eks', '123qwe123qwe', '이승만', '꾸2', '1987-12-03', '01033933343', 'eksqjf@naver.com', '10098', '경기도 김포시 김포대로 949', 'ㅇㅇ', 'U', 'N', 'N', 0, 'N'),
	('ekseks', '123qwe123qwe', '이승현', '뀨엑이', '1987-12-01', '01033933344', 'eksqjf22@naver.com', '10087', '경기도 김포시 김포한강2로 121', '우리집', 'U', 'N', 'N', 0, 'N'),
	('eksqjf', '12345678', '이승현', '꾸엑이', '1987-12-01', '01033933349', 'eksqjf2@naver.com', '10097', '경기도 김포시 김포대로 지하852', '11', 'H', 'N', 'N', 0, 'N'),
	('host', '123', '호스트', '부자', '1950-07-31', '01010000000', 'host@naver.com', '2', '외국거주', '.', 'H', 'N', 'N', 0, 'N'),
	('host1', '111111111', '시연용', '시연', '1998-11-27', '01011115555', 'host1@naver.com', '06995', '서울특별시 동작구 동작대로39길 39', '시연용', 'H', 'N', 'N', 0, 'N'),
	('olsang35', 'dltkdduq12', '이상엽', '이상엽98', '1998-10-27', '01024817850', 'olsang310@gmail.com', '21377', '인천광역시 부평구 안남로222번길 27', '102-102', 'U', 'N', 'N', 0, 'Y'),
	('qkqh', '123', '김바보', '바보', '1987-12-01', '01012341234', 'eks@naver.com', '10097', '경기도 김포시 김포대로 지하852', '12', 'U', 'N', 'N', 0, 'N'),
	('qlalf', 'qlalfqlalf', '박비밀', '비밀', '1998-10-27', '01022427850', 'olsang35@naver.com', '21377', '인천광역시 부평구 안남로222번길 27', '102동 102호', 'U', 'N', 'N', 0, 'N'),
	('qq', 'qwer1234', '신동환', '멀봐요', '1997-08-10', '01034269300', 'dfin@na.com', '21426', '인천광역시 부평구 경인로1024번길 21', '151', 'U', 'N', 'N', 0, 'N'),
	('rbrbrkrk', '123qwe123qwe', '이승현', '꾸엑이2', '1987-12-01', '01033933341', 'eksqjfs@naver.com', '10092', '경기도 김포시 감암로 121', '31번길', 'U', 'N', 'N', 0, 'N'),
	('rlavh', '123qwe123qwe', '김포맨', '김포맨', '1967-12-01', '01012341234', 'eksqjfs33@gmail.com', '10087', '경기도 김포시 김포한강1로 28-9', '우리집', 'U', 'N', 'N', 0, 'N'),
	('test', '123456789', '테스트', '테스트', '1997-06-11', '01033723175', 'lim998@naver.com', '06934', '서울특별시 동작구 등용로4길 58', '103', 'U', 'Y', 'N', 0, 'N'),
	('test01', 'test01', '테스트01', 'TEST01', '2010-01-11', '0101111', '111@111.com', '2', '1번지', '`1', 'U', 'N', 'Y', 0, 'N'),
	('test02', '123123123', '이길남', '길동이2', '2000-03-24', '01022222222', 'test02@qweasd.com', '04364', '서울특별시 용산구 원효로53가길 24', '020202호', 'U', 'N', 'N', 0, 'N'),
	('test05', '369369369', '김길동', '길동이05', '1998-07-10', '01055552555', 'test05@qweasd.com', '21389', '인천광역시 부평구 부평대로 3', '55505호', 'U', 'N', 'N', 0, 'N'),
	('test06', '369369369', '최길동', '길동이6', '2002-03-13', '01006060606', 'test06@qweasd.com', '06719', '서울특별시 서초구 반포대로 6', '060606호', 'U', 'N', 'N', 0, 'N'),
	('test07', '369369369', '이길동', '길동이07', '2001-02-19', '01022202220', 'test07@qweasd.com', '21394', '인천광역시 부평구 부평대로 6', '7707호', 'U', 'N', 'N', 0, 'N'),
	('test08', '369369369', '박길남', '길동이08', '2003-07-06', '01088888888', 'test08@qweasd.com', '06711', '서울특별시 서초구 반포대로 7', '080808호', 'U', 'N', 'N', 0, 'N'),
	('whwhxndj', '123qwe123qwe', '김스만', '김스만', '1987-12-12', '01034515121', 'whwhxndj@naver.com', '54414', '전라북도 김제시 벽지산로 217', '1', 'U', 'N', 'N', 0, 'N'),
	('yerim', '123456789', '조예림', '조조', '1997-12-22', '01033723175', 'lim997@naver.com', '21431', '인천광역시 부평구 동수로 80', '103동 403호', 'U', 'N', 'N', 0, 'N');

/*!40103 SET TIME_ZONE=IFNULL(@OLD_TIME_ZONE, 'system') */;
/*!40101 SET SQL_MODE=IFNULL(@OLD_SQL_MODE, '') */;
/*!40014 SET FOREIGN_KEY_CHECKS=IFNULL(@OLD_FOREIGN_KEY_CHECKS, 1) */;
/*!40101 SET CHARACTER_SET_CLIENT=@OLD_CHARACTER_SET_CLIENT */;
/*!40111 SET SQL_NOTES=IFNULL(@OLD_SQL_NOTES, 1) */;
